DATAFLOW,LAST UPDATE,freq,nace_r2,indic_sb,size_emp,geo,TIME_PERIOD,OBS_VALUE,OBS_FLAG
ESTAT:SBS_SC_CON_R2(1.0),15/03/2023 23:00,A,F,V16130,TOTAL,AL,2019,44653,
ESTAT:SBS_SC_CON_R2(1.0),15/03/2023 23:00,A,F,V16130,TOTAL,AL,2020,47951,
ESTAT:SBS_SC_CON_R2(1.0),15/03/2023 23:00,A,F,V16130,TOTAL,AT,2011,256146,
ESTAT:SBS_SC_CON_R2(1.0),15/03/2023 23:00,A,F,V16130,TOTAL,AT,2012,260218,
ESTAT:SBS_SC_CON_R2(1.0),15/03/2023 23:00,A,F,V16130,TOTAL,AT,2013,256895,
ESTAT:SBS_SC_CON_R2(1.0),15/03/2023 23:00,A,F,V16130,TOTAL,AT,2014,260350,
ESTAT:SBS_SC_CON_R2(1.0),15/03/2023 23:00,A,F,V16130,TOTAL,AT,2015,259790,
ESTAT:SBS_SC_CON_R2(1.0),15/03/2023 23:00,A,F,V16130,TOTAL,AT,2016,263388,
ESTAT:SBS_SC_CON_R2(1.0),15/03/2023 23:00,A,F,V16130,TOTAL,AT,2017,271272,
ESTAT:SBS_SC_CON_R2(1.0),15/03/2023 23:00,A,F,V16130,TOTAL,AT,2018,286377,b
ESTAT:SBS_SC_CON_R2(1.0),15/03/2023 23:00,A,F,V16130,TOTAL,AT,2019,295411,
ESTAT:SBS_SC_CON_R2(1.0),15/03/2023 23:00,A,F,V16130,TOTAL,AT,2020,296313,
ESTAT:SBS_SC_CON_R2(1.0),15/03/2023 23:00,A,F,V16130,TOTAL,BA,2011,34733,p
ESTAT:SBS_SC_CON_R2(1.0),15/03/2023 23:00,A,F,V16130,TOTAL,BA,2012,34926,p
ESTAT:SBS_SC_CON_R2(1.0),15/03/2023 23:00,A,F,V16130,TOTAL,BA,2013,31409,p
ESTAT:SBS_SC_CON_R2(1.0),15/03/2023 23:00,A,F,V16130,TOTAL,BA,2014,33486,e
ESTAT:SBS_SC_CON_R2(1.0),15/03/2023 23:00,A,F,V16130,TOTAL,BA,2015,32717,e
ESTAT:SBS_SC_CON_R2(1.0),15/03/2023 23:00,A,F,V16130,TOTAL,BA,2016,33954,e
ESTAT:SBS_SC_CON_R2(1.0),15/03/2023 23:00,A,F,V16130,TOTAL,BA,2017,35459,b
ESTAT:SBS_SC_CON_R2(1.0),15/03/2023 23:00,A,F,V16130,TOTAL,BA,2018,35517,
ESTAT:SBS_SC_CON_R2(1.0),15/03/2023 23:00,A,F,V16130,TOTAL,BA,2019,37160,
ESTAT:SBS_SC_CON_R2(1.0),15/03/2023 23:00,A,F,V16130,TOTAL,BA,2020,37573,
ESTAT:SBS_SC_CON_R2(1.0),15/03/2023 23:00,A,F,V16130,TOTAL,BE,2011,219331,
ESTAT:SBS_SC_CON_R2(1.0),15/03/2023 23:00,A,F,V16130,TOTAL,BE,2012,218805,
ESTAT:SBS_SC_CON_R2(1.0),15/03/2023 23:00,A,F,V16130,TOTAL,BE,2013,210218,
ESTAT:SBS_SC_CON_R2(1.0),15/03/2023 23:00,A,F,V16130,TOTAL,BE,2014,208458,
ESTAT:SBS_SC_CON_R2(1.0),15/03/2023 23:00,A,F,V16130,TOTAL,BE,2015,204332,
ESTAT:SBS_SC_CON_R2(1.0),15/03/2023 23:00,A,F,V16130,TOTAL,BE,2016,203452,
ESTAT:SBS_SC_CON_R2(1.0),15/03/2023 23:00,A,F,V16130,TOTAL,BE,2017,209446,
ESTAT:SBS_SC_CON_R2(1.0),15/03/2023 23:00,A,F,V16130,TOTAL,BE,2018,208659,b
ESTAT:SBS_SC_CON_R2(1.0),15/03/2023 23:00,A,F,V16130,TOTAL,BE,2019,213691,
ESTAT:SBS_SC_CON_R2(1.0),15/03/2023 23:00,A,F,V16130,TOTAL,BE,2020,213814,
ESTAT:SBS_SC_CON_R2(1.0),15/03/2023 23:00,A,F,V16130,TOTAL,BG,2011,149360,
ESTAT:SBS_SC_CON_R2(1.0),15/03/2023 23:00,A,F,V16130,TOTAL,BG,2012,138711,
ESTAT:SBS_SC_CON_R2(1.0),15/03/2023 23:00,A,F,V16130,TOTAL,BG,2013,133884,
ESTAT:SBS_SC_CON_R2(1.0),15/03/2023 23:00,A,F,V16130,TOTAL,BG,2014,135607,
ESTAT:SBS_SC_CON_R2(1.0),15/03/2023 23:00,A,F,V16130,TOTAL,BG,2015,135533,
ESTAT:SBS_SC_CON_R2(1.0),15/03/2023 23:00,A,F,V16130,TOTAL,BG,2016,129742,
ESTAT:SBS_SC_CON_R2(1.0),15/03/2023 23:00,A,F,V16130,TOTAL,BG,2017,133427,
ESTAT:SBS_SC_CON_R2(1.0),15/03/2023 23:00,A,F,V16130,TOTAL,BG,2018,137501,b
ESTAT:SBS_SC_CON_R2(1.0),15/03/2023 23:00,A,F,V16130,TOTAL,BG,2019,142188,
ESTAT:SBS_SC_CON_R2(1.0),15/03/2023 23:00,A,F,V16130,TOTAL,BG,2020,139419,
ESTAT:SBS_SC_CON_R2(1.0),15/03/2023 23:00,A,F,V16130,TOTAL,CY,2011,30224,
ESTAT:SBS_SC_CON_R2(1.0),15/03/2023 23:00,A,F,V16130,TOTAL,CY,2012,25836,
ESTAT:SBS_SC_CON_R2(1.0),15/03/2023 23:00,A,F,V16130,TOTAL,CY,2013,19270,
ESTAT:SBS_SC_CON_R2(1.0),15/03/2023 23:00,A,F,V16130,TOTAL,CY,2014,17208,
ESTAT:SBS_SC_CON_R2(1.0),15/03/2023 23:00,A,F,V16130,TOTAL,CY,2015,17700,
ESTAT:SBS_SC_CON_R2(1.0),15/03/2023 23:00,A,F,V16130,TOTAL,CY,2016,19754,
ESTAT:SBS_SC_CON_R2(1.0),15/03/2023 23:00,A,F,V16130,TOTAL,CY,2017,24535,
ESTAT:SBS_SC_CON_R2(1.0),15/03/2023 23:00,A,F,V16130,TOTAL,CY,2018,29003,
ESTAT:SBS_SC_CON_R2(1.0),15/03/2023 23:00,A,F,V16130,TOTAL,CY,2019,32731,
ESTAT:SBS_SC_CON_R2(1.0),15/03/2023 23:00,A,F,V16130,TOTAL,CY,2020,34843,
ESTAT:SBS_SC_CON_R2(1.0),15/03/2023 23:00,A,F,V16130,TOTAL,CZ,2011,242810,
ESTAT:SBS_SC_CON_R2(1.0),15/03/2023 23:00,A,F,V16130,TOTAL,CZ,2012,236215,
ESTAT:SBS_SC_CON_R2(1.0),15/03/2023 23:00,A,F,V16130,TOTAL,CZ,2013,221473,
ESTAT:SBS_SC_CON_R2(1.0),15/03/2023 23:00,A,F,V16130,TOTAL,CZ,2014,213567,
ESTAT:SBS_SC_CON_R2(1.0),15/03/2023 23:00,A,F,V16130,TOTAL,CZ,2015,211653,
ESTAT:SBS_SC_CON_R2(1.0),15/03/2023 23:00,A,F,V16130,TOTAL,CZ,2016,208422,
ESTAT:SBS_SC_CON_R2(1.0),15/03/2023 23:00,A,F,V16130,TOTAL,CZ,2017,208256,
ESTAT:SBS_SC_CON_R2(1.0),15/03/2023 23:00,A,F,V16130,TOTAL,CZ,2018,210072,
ESTAT:SBS_SC_CON_R2(1.0),15/03/2023 23:00,A,F,V16130,TOTAL,CZ,2019,212743,
ESTAT:SBS_SC_CON_R2(1.0),15/03/2023 23:00,A,F,V16130,TOTAL,CZ,2020,213145,
ESTAT:SBS_SC_CON_R2(1.0),15/03/2023 23:00,A,F,V16130,TOTAL,DE,2011,1584664,
ESTAT:SBS_SC_CON_R2(1.0),15/03/2023 23:00,A,F,V16130,TOTAL,DE,2012,1730686,
ESTAT:SBS_SC_CON_R2(1.0),15/03/2023 23:00,A,F,V16130,TOTAL,DE,2013,1741693,
ESTAT:SBS_SC_CON_R2(1.0),15/03/2023 23:00,A,F,V16130,TOTAL,DE,2014,1906974,
ESTAT:SBS_SC_CON_R2(1.0),15/03/2023 23:00,A,F,V16130,TOTAL,DE,2015,1893888,
ESTAT:SBS_SC_CON_R2(1.0),15/03/2023 23:00,A,F,V16130,TOTAL,DE,2016,1944086,
ESTAT:SBS_SC_CON_R2(1.0),15/03/2023 23:00,A,F,V16130,TOTAL,DE,2017,1999900,
ESTAT:SBS_SC_CON_R2(1.0),15/03/2023 23:00,A,F,V16130,TOTAL,DE,2018,2132200,b
ESTAT:SBS_SC_CON_R2(1.0),15/03/2023 23:00,A,F,V16130,TOTAL,DE,2019,2306615,
ESTAT:SBS_SC_CON_R2(1.0),15/03/2023 23:00,A,F,V16130,TOTAL,DE,2020,2294823,
ESTAT:SBS_SC_CON_R2(1.0),15/03/2023 23:00,A,F,V16130,TOTAL,DK,2011,154606,
ESTAT:SBS_SC_CON_R2(1.0),15/03/2023 23:00,A,F,V16130,TOTAL,DK,2012,155865,
ESTAT:SBS_SC_CON_R2(1.0),15/03/2023 23:00,A,F,V16130,TOTAL,DK,2013,154734,
ESTAT:SBS_SC_CON_R2(1.0),15/03/2023 23:00,A,F,V16130,TOTAL,DK,2014,158884,
ESTAT:SBS_SC_CON_R2(1.0),15/03/2023 23:00,A,F,V16130,TOTAL,DK,2015,165176,
ESTAT:SBS_SC_CON_R2(1.0),15/03/2023 23:00,A,F,V16130,TOTAL,DK,2016,152882,b
ESTAT:SBS_SC_CON_R2(1.0),15/03/2023 23:00,A,F,V16130,TOTAL,DK,2017,159526,
ESTAT:SBS_SC_CON_R2(1.0),15/03/2023 23:00,A,F,V16130,TOTAL,DK,2018,167508,
ESTAT:SBS_SC_CON_R2(1.0),15/03/2023 23:00,A,F,V16130,TOTAL,DK,2019,167224,
ESTAT:SBS_SC_CON_R2(1.0),15/03/2023 23:00,A,F,V16130,TOTAL,DK,2020,175252,
ESTAT:SBS_SC_CON_R2(1.0),15/03/2023 23:00,A,F,V16130,TOTAL,EE,2011,40650,
ESTAT:SBS_SC_CON_R2(1.0),15/03/2023 23:00,A,F,V16130,TOTAL,EE,2012,42214,
ESTAT:SBS_SC_CON_R2(1.0),15/03/2023 23:00,A,F,V16130,TOTAL,EE,2013,42888,
ESTAT:SBS_SC_CON_R2(1.0),15/03/2023 23:00,A,F,V16130,TOTAL,EE,2014,42248,
ESTAT:SBS_SC_CON_R2(1.0),15/03/2023 23:00,A,F,V16130,TOTAL,EE,2015,42819,
ESTAT:SBS_SC_CON_R2(1.0),15/03/2023 23:00,A,F,V16130,TOTAL,EE,2016,43532,
ESTAT:SBS_SC_CON_R2(1.0),15/03/2023 23:00,A,F,V16130,TOTAL,EE,2017,44544,
ESTAT:SBS_SC_CON_R2(1.0),15/03/2023 23:00,A,F,V16130,TOTAL,EE,2018,46877,b
ESTAT:SBS_SC_CON_R2(1.0),15/03/2023 23:00,A,F,V16130,TOTAL,EE,2019,48288,
ESTAT:SBS_SC_CON_R2(1.0),15/03/2023 23:00,A,F,V16130,TOTAL,EE,2020,50064,
ESTAT:SBS_SC_CON_R2(1.0),15/03/2023 23:00,A,F,V16130,TOTAL,EL,2011,114797,
ESTAT:SBS_SC_CON_R2(1.0),15/03/2023 23:00,A,F,V16130,TOTAL,EL,2012,97301,
ESTAT:SBS_SC_CON_R2(1.0),15/03/2023 23:00,A,F,V16130,TOTAL,EL,2013,96185,
ESTAT:SBS_SC_CON_R2(1.0),15/03/2023 23:00,A,F,V16130,TOTAL,EL,2014,73457,
ESTAT:SBS_SC_CON_R2(1.0),15/03/2023 23:00,A,F,V16130,TOTAL,EL,2015,70238,
ESTAT:SBS_SC_CON_R2(1.0),15/03/2023 23:00,A,F,V16130,TOTAL,EL,2016,89815,
ESTAT:SBS_SC_CON_R2(1.0),15/03/2023 23:00,A,F,V16130,TOTAL,EL,2017,68173,
ESTAT:SBS_SC_CON_R2(1.0),15/03/2023 23:00,A,F,V16130,TOTAL,EL,2018,97729,b
ESTAT:SBS_SC_CON_R2(1.0),15/03/2023 23:00,A,F,V16130,TOTAL,EL,2019,88403,
ESTAT:SBS_SC_CON_R2(1.0),15/03/2023 23:00,A,F,V16130,TOTAL,EL,2020,87458,
ESTAT:SBS_SC_CON_R2(1.0),15/03/2023 23:00,A,F,V16130,TOTAL,ES,2011,1023602,
ESTAT:SBS_SC_CON_R2(1.0),15/03/2023 23:00,A,F,V16130,TOTAL,ES,2012,838555,
ESTAT:SBS_SC_CON_R2(1.0),15/03/2023 23:00,A,F,V16130,TOTAL,ES,2013,722895,
ESTAT:SBS_SC_CON_R2(1.0),15/03/2023 23:00,A,F,V16130,TOTAL,ES,2014,709701,
ESTAT:SBS_SC_CON_R2(1.0),15/03/2023 23:00,A,F,V16130,TOTAL,ES,2015,758237,
ESTAT:SBS_SC_CON_R2(1.0),15/03/2023 23:00,A,F,V16130,TOTAL,ES,2016,802548,
ESTAT:SBS_SC_CON_R2(1.0),15/03/2023 23:00,A,F,V16130,TOTAL,ES,2017,857671,
ESTAT:SBS_SC_CON_R2(1.0),15/03/2023 23:00,A,F,V16130,TOTAL,ES,2018,977050,b
ESTAT:SBS_SC_CON_R2(1.0),15/03/2023 23:00,A,F,V16130,TOTAL,ES,2019,1046973,
ESTAT:SBS_SC_CON_R2(1.0),15/03/2023 23:00,A,F,V16130,TOTAL,ES,2020,967226,
ESTAT:SBS_SC_CON_R2(1.0),15/03/2023 23:00,A,F,V16130,TOTAL,FI,2011,156595,
ESTAT:SBS_SC_CON_R2(1.0),15/03/2023 23:00,A,F,V16130,TOTAL,FI,2012,158021,
ESTAT:SBS_SC_CON_R2(1.0),15/03/2023 23:00,A,F,V16130,TOTAL,FI,2013,160848,b
ESTAT:SBS_SC_CON_R2(1.0),15/03/2023 23:00,A,F,V16130,TOTAL,FI,2014,161182,
ESTAT:SBS_SC_CON_R2(1.0),15/03/2023 23:00,A,F,V16130,TOTAL,FI,2015,160182,
ESTAT:SBS_SC_CON_R2(1.0),15/03/2023 23:00,A,F,V16130,TOTAL,FI,2016,166207,
ESTAT:SBS_SC_CON_R2(1.0),15/03/2023 23:00,A,F,V16130,TOTAL,FI,2017,178432,b
ESTAT:SBS_SC_CON_R2(1.0),15/03/2023 23:00,A,F,V16130,TOTAL,FI,2018,183946,
ESTAT:SBS_SC_CON_R2(1.0),15/03/2023 23:00,A,F,V16130,TOTAL,FI,2019,184850,
ESTAT:SBS_SC_CON_R2(1.0),15/03/2023 23:00,A,F,V16130,TOTAL,FI,2020,181135,
ESTAT:SBS_SC_CON_R2(1.0),15/03/2023 23:00,A,F,V16130,TOTAL,FR,2011,1531120,
ESTAT:SBS_SC_CON_R2(1.0),15/03/2023 23:00,A,F,V16130,TOTAL,FR,2012,1527038,
ESTAT:SBS_SC_CON_R2(1.0),15/03/2023 23:00,A,F,V16130,TOTAL,FR,2013,1442557,
ESTAT:SBS_SC_CON_R2(1.0),15/03/2023 23:00,A,F,V16130,TOTAL,FR,2014,1513536,b
ESTAT:SBS_SC_CON_R2(1.0),15/03/2023 23:00,A,F,V16130,TOTAL,FR,2015,1310382,b
ESTAT:SBS_SC_CON_R2(1.0),15/03/2023 23:00,A,F,V16130,TOTAL,FR,2016,1426260,be
ESTAT:SBS_SC_CON_R2(1.0),15/03/2023 23:00,A,F,V16130,TOTAL,FR,2017,1473090,be
ESTAT:SBS_SC_CON_R2(1.0),15/03/2023 23:00,A,F,V16130,TOTAL,FR,2018,1516501,
ESTAT:SBS_SC_CON_R2(1.0),15/03/2023 23:00,A,F,V16130,TOTAL,FR,2019,1566240,
ESTAT:SBS_SC_CON_R2(1.0),15/03/2023 23:00,A,F,V16130,TOTAL,FR,2020,1658565,
ESTAT:SBS_SC_CON_R2(1.0),15/03/2023 23:00,A,F,V16130,TOTAL,HR,2011,106995,
ESTAT:SBS_SC_CON_R2(1.0),15/03/2023 23:00,A,F,V16130,TOTAL,HR,2012,99508,
ESTAT:SBS_SC_CON_R2(1.0),15/03/2023 23:00,A,F,V16130,TOTAL,HR,2013,95231,
ESTAT:SBS_SC_CON_R2(1.0),15/03/2023 23:00,A,F,V16130,TOTAL,HR,2014,91998,
ESTAT:SBS_SC_CON_R2(1.0),15/03/2023 23:00,A,F,V16130,TOTAL,HR,2015,90446,
ESTAT:SBS_SC_CON_R2(1.0),15/03/2023 23:00,A,F,V16130,TOTAL,HR,2016,89526,
ESTAT:SBS_SC_CON_R2(1.0),15/03/2023 23:00,A,F,V16130,TOTAL,HR,2017,93846,
ESTAT:SBS_SC_CON_R2(1.0),15/03/2023 23:00,A,F,V16130,TOTAL,HR,2018,96661,
ESTAT:SBS_SC_CON_R2(1.0),15/03/2023 23:00,A,F,V16130,TOTAL,HR,2019,108122,b
ESTAT:SBS_SC_CON_R2(1.0),15/03/2023 23:00,A,F,V16130,TOTAL,HR,2020,114999,
ESTAT:SBS_SC_CON_R2(1.0),15/03/2023 23:00,A,F,V16130,TOTAL,HU,2011,164429,
ESTAT:SBS_SC_CON_R2(1.0),15/03/2023 23:00,A,F,V16130,TOTAL,HU,2012,160935,
ESTAT:SBS_SC_CON_R2(1.0),15/03/2023 23:00,A,F,V16130,TOTAL,HU,2013,155759,
ESTAT:SBS_SC_CON_R2(1.0),15/03/2023 23:00,A,F,V16130,TOTAL,HU,2014,161750,
ESTAT:SBS_SC_CON_R2(1.0),15/03/2023 23:00,A,F,V16130,TOTAL,HU,2015,166764,
ESTAT:SBS_SC_CON_R2(1.0),15/03/2023 23:00,A,F,V16130,TOTAL,HU,2016,167728,
ESTAT:SBS_SC_CON_R2(1.0),15/03/2023 23:00,A,F,V16130,TOTAL,HU,2017,175494,
ESTAT:SBS_SC_CON_R2(1.0),15/03/2023 23:00,A,F,V16130,TOTAL,HU,2018,190054,b
ESTAT:SBS_SC_CON_R2(1.0),15/03/2023 23:00,A,F,V16130,TOTAL,HU,2019,193547,
ESTAT:SBS_SC_CON_R2(1.0),15/03/2023 23:00,A,F,V16130,TOTAL,HU,2020,196745,
ESTAT:SBS_SC_CON_R2(1.0),15/03/2023 23:00,A,F,V16130,TOTAL,IE,2011,61197,
ESTAT:SBS_SC_CON_R2(1.0),15/03/2023 23:00,A,F,V16130,TOTAL,IE,2012,55736,
ESTAT:SBS_SC_CON_R2(1.0),15/03/2023 23:00,A,F,V16130,TOTAL,IE,2013,58059,
ESTAT:SBS_SC_CON_R2(1.0),15/03/2023 23:00,A,F,V16130,TOTAL,IE,2014,67194,
ESTAT:SBS_SC_CON_R2(1.0),15/03/2023 23:00,A,F,V16130,TOTAL,IE,2015,73587,
ESTAT:SBS_SC_CON_R2(1.0),15/03/2023 23:00,A,F,V16130,TOTAL,IE,2016,84956,
ESTAT:SBS_SC_CON_R2(1.0),15/03/2023 23:00,A,F,V16130,TOTAL,IE,2017,97902,
ESTAT:SBS_SC_CON_R2(1.0),15/03/2023 23:00,A,F,V16130,TOTAL,IE,2018,106047,
ESTAT:SBS_SC_CON_R2(1.0),15/03/2023 23:00,A,F,V16130,TOTAL,IE,2019,118924,
ESTAT:SBS_SC_CON_R2(1.0),15/03/2023 23:00,A,F,V16130,TOTAL,IE,2020,115911,
ESTAT:SBS_SC_CON_R2(1.0),15/03/2023 23:00,A,F,V16130,TOTAL,IS,2015,10086,p
ESTAT:SBS_SC_CON_R2(1.0),15/03/2023 23:00,A,F,V16130,TOTAL,IS,2016,12089,p
ESTAT:SBS_SC_CON_R2(1.0),15/03/2023 23:00,A,F,V16130,TOTAL,IS,2017,13527,p
ESTAT:SBS_SC_CON_R2(1.0),15/03/2023 23:00,A,F,V16130,TOTAL,IS,2018,14335,
ESTAT:SBS_SC_CON_R2(1.0),15/03/2023 23:00,A,F,V16130,TOTAL,IS,2019,15041,p
ESTAT:SBS_SC_CON_R2(1.0),15/03/2023 23:00,A,F,V16130,TOTAL,IS,2020,13907,p
ESTAT:SBS_SC_CON_R2(1.0),15/03/2023 23:00,A,F,V16130,TOTAL,IT,2011,987714,
ESTAT:SBS_SC_CON_R2(1.0),15/03/2023 23:00,A,F,V16130,TOTAL,IT,2012,928983,
ESTAT:SBS_SC_CON_R2(1.0),15/03/2023 23:00,A,F,V16130,TOTAL,IT,2013,846598,
ESTAT:SBS_SC_CON_R2(1.0),15/03/2023 23:00,A,F,V16130,TOTAL,IT,2014,787118,
ESTAT:SBS_SC_CON_R2(1.0),15/03/2023 23:00,A,F,V16130,TOTAL,IT,2015,777529,
ESTAT:SBS_SC_CON_R2(1.0),15/03/2023 23:00,A,F,V16130,TOTAL,IT,2016,787248,
ESTAT:SBS_SC_CON_R2(1.0),15/03/2023 23:00,A,F,V16130,TOTAL,IT,2017,782166,b
ESTAT:SBS_SC_CON_R2(1.0),15/03/2023 23:00,A,F,V16130,TOTAL,IT,2018,787696,
ESTAT:SBS_SC_CON_R2(1.0),15/03/2023 23:00,A,F,V16130,TOTAL,IT,2019,812589,
ESTAT:SBS_SC_CON_R2(1.0),15/03/2023 23:00,A,F,V16130,TOTAL,IT,2020,843261,
ESTAT:SBS_SC_CON_R2(1.0),15/03/2023 23:00,A,F,V16130,TOTAL,LT,2011,84759,
ESTAT:SBS_SC_CON_R2(1.0),15/03/2023 23:00,A,F,V16130,TOTAL,LT,2012,87688,
ESTAT:SBS_SC_CON_R2(1.0),15/03/2023 23:00,A,F,V16130,TOTAL,LT,2013,89997,
ESTAT:SBS_SC_CON_R2(1.0),15/03/2023 23:00,A,F,V16130,TOTAL,LT,2014,94238,
ESTAT:SBS_SC_CON_R2(1.0),15/03/2023 23:00,A,F,V16130,TOTAL,LT,2015,96081,
ESTAT:SBS_SC_CON_R2(1.0),15/03/2023 23:00,A,F,V16130,TOTAL,LT,2016,94257,
ESTAT:SBS_SC_CON_R2(1.0),15/03/2023 23:00,A,F,V16130,TOTAL,LT,2017,95861,
ESTAT:SBS_SC_CON_R2(1.0),15/03/2023 23:00,A,F,V16130,TOTAL,LT,2018,97029,b
ESTAT:SBS_SC_CON_R2(1.0),15/03/2023 23:00,A,F,V16130,TOTAL,LT,2019,98849,
ESTAT:SBS_SC_CON_R2(1.0),15/03/2023 23:00,A,F,V16130,TOTAL,LT,2020,99145,
ESTAT:SBS_SC_CON_R2(1.0),15/03/2023 23:00,A,F,V16130,TOTAL,LU,2011,40059,
ESTAT:SBS_SC_CON_R2(1.0),15/03/2023 23:00,A,F,V16130,TOTAL,LU,2012,40534,
ESTAT:SBS_SC_CON_R2(1.0),15/03/2023 23:00,A,F,V16130,TOTAL,LU,2013,40530,
ESTAT:SBS_SC_CON_R2(1.0),15/03/2023 23:00,A,F,V16130,TOTAL,LU,2014,41205,
ESTAT:SBS_SC_CON_R2(1.0),15/03/2023 23:00,A,F,V16130,TOTAL,LU,2015,41907,
ESTAT:SBS_SC_CON_R2(1.0),15/03/2023 23:00,A,F,V16130,TOTAL,LU,2016,43197,
ESTAT:SBS_SC_CON_R2(1.0),15/03/2023 23:00,A,F,V16130,TOTAL,LU,2017,44449,
ESTAT:SBS_SC_CON_R2(1.0),15/03/2023 23:00,A,F,V16130,TOTAL,LU,2018,46340,
ESTAT:SBS_SC_CON_R2(1.0),15/03/2023 23:00,A,F,V16130,TOTAL,LU,2019,48427,
ESTAT:SBS_SC_CON_R2(1.0),15/03/2023 23:00,A,F,V16130,TOTAL,LU,2020,49900,
ESTAT:SBS_SC_CON_R2(1.0),15/03/2023 23:00,A,F,V16130,TOTAL,LV,2011,50531,
ESTAT:SBS_SC_CON_R2(1.0),15/03/2023 23:00,A,F,V16130,TOTAL,LV,2012,56801,
ESTAT:SBS_SC_CON_R2(1.0),15/03/2023 23:00,A,F,V16130,TOTAL,LV,2013,60154,
ESTAT:SBS_SC_CON_R2(1.0),15/03/2023 23:00,A,F,V16130,TOTAL,LV,2014,66120,
ESTAT:SBS_SC_CON_R2(1.0),15/03/2023 23:00,A,F,V16130,TOTAL,LV,2015,61879,
ESTAT:SBS_SC_CON_R2(1.0),15/03/2023 23:00,A,F,V16130,TOTAL,LV,2016,56275,
ESTAT:SBS_SC_CON_R2(1.0),15/03/2023 23:00,A,F,V16130,TOTAL,LV,2017,59010,
ESTAT:SBS_SC_CON_R2(1.0),15/03/2023 23:00,A,F,V16130,TOTAL,LV,2018,62510,
ESTAT:SBS_SC_CON_R2(1.0),15/03/2023 23:00,A,F,V16130,TOTAL,LV,2019,64862,
ESTAT:SBS_SC_CON_R2(1.0),15/03/2023 23:00,A,F,V16130,TOTAL,LV,2020,63582,
ESTAT:SBS_SC_CON_R2(1.0),15/03/2023 23:00,A,F,V16130,TOTAL,MK,2011,27623,
ESTAT:SBS_SC_CON_R2(1.0),15/03/2023 23:00,A,F,V16130,TOTAL,MK,2012,28235,
ESTAT:SBS_SC_CON_R2(1.0),15/03/2023 23:00,A,F,V16130,TOTAL,MK,2013,28636,
ESTAT:SBS_SC_CON_R2(1.0),15/03/2023 23:00,A,F,V16130,TOTAL,MK,2014,28022,
ESTAT:SBS_SC_CON_R2(1.0),15/03/2023 23:00,A,F,V16130,TOTAL,MK,2015,30218,
ESTAT:SBS_SC_CON_R2(1.0),15/03/2023 23:00,A,F,V16130,TOTAL,MK,2016,32167,
ESTAT:SBS_SC_CON_R2(1.0),15/03/2023 23:00,A,F,V16130,TOTAL,MK,2017,32366,
ESTAT:SBS_SC_CON_R2(1.0),15/03/2023 23:00,A,F,V16130,TOTAL,MK,2018,31806,
ESTAT:SBS_SC_CON_R2(1.0),15/03/2023 23:00,A,F,V16130,TOTAL,MK,2019,31152,
ESTAT:SBS_SC_CON_R2(1.0),15/03/2023 23:00,A,F,V16130,TOTAL,MT,2011,7718,
ESTAT:SBS_SC_CON_R2(1.0),15/03/2023 23:00,A,F,V16130,TOTAL,MT,2012,7040,
ESTAT:SBS_SC_CON_R2(1.0),15/03/2023 23:00,A,F,V16130,TOTAL,MT,2013,7221,
ESTAT:SBS_SC_CON_R2(1.0),15/03/2023 23:00,A,F,V16130,TOTAL,MT,2014,6625,
ESTAT:SBS_SC_CON_R2(1.0),15/03/2023 23:00,A,F,V16130,TOTAL,MT,2015,7618,
ESTAT:SBS_SC_CON_R2(1.0),15/03/2023 23:00,A,F,V16130,TOTAL,MT,2016,7921,
ESTAT:SBS_SC_CON_R2(1.0),15/03/2023 23:00,A,F,V16130,TOTAL,MT,2017,7393,
ESTAT:SBS_SC_CON_R2(1.0),15/03/2023 23:00,A,F,V16130,TOTAL,MT,2018,7917,
ESTAT:SBS_SC_CON_R2(1.0),15/03/2023 23:00,A,F,V16130,TOTAL,MT,2019,9299,
ESTAT:SBS_SC_CON_R2(1.0),15/03/2023 23:00,A,F,V16130,TOTAL,MT,2020,10354,
ESTAT:SBS_SC_CON_R2(1.0),15/03/2023 23:00,A,F,V16130,TOTAL,NL,2011,367057,
ESTAT:SBS_SC_CON_R2(1.0),15/03/2023 23:00,A,F,V16130,TOTAL,NL,2012,352656,
ESTAT:SBS_SC_CON_R2(1.0),15/03/2023 23:00,A,F,V16130,TOTAL,NL,2013,325966,
ESTAT:SBS_SC_CON_R2(1.0),15/03/2023 23:00,A,F,V16130,TOTAL,NL,2014,306070,
ESTAT:SBS_SC_CON_R2(1.0),15/03/2023 23:00,A,F,V16130,TOTAL,NL,2015,298315,
ESTAT:SBS_SC_CON_R2(1.0),15/03/2023 23:00,A,F,V16130,TOTAL,NL,2016,297216,
ESTAT:SBS_SC_CON_R2(1.0),15/03/2023 23:00,A,F,V16130,TOTAL,NL,2017,306117,
ESTAT:SBS_SC_CON_R2(1.0),15/03/2023 23:00,A,F,V16130,TOTAL,NL,2018,317545,
ESTAT:SBS_SC_CON_R2(1.0),15/03/2023 23:00,A,F,V16130,TOTAL,NL,2019,329658,
ESTAT:SBS_SC_CON_R2(1.0),15/03/2023 23:00,A,F,V16130,TOTAL,NL,2020,335610,
ESTAT:SBS_SC_CON_R2(1.0),15/03/2023 23:00,A,F,V16130,TOTAL,NO,2011,176706,
ESTAT:SBS_SC_CON_R2(1.0),15/03/2023 23:00,A,F,V16130,TOTAL,NO,2012,187394,
ESTAT:SBS_SC_CON_R2(1.0),15/03/2023 23:00,A,F,V16130,TOTAL,NO,2013,196874,
ESTAT:SBS_SC_CON_R2(1.0),15/03/2023 23:00,A,F,V16130,TOTAL,NO,2014,204748,
ESTAT:SBS_SC_CON_R2(1.0),15/03/2023 23:00,A,F,V16130,TOTAL,NO,2015,208938,
ESTAT:SBS_SC_CON_R2(1.0),15/03/2023 23:00,A,F,V16130,TOTAL,NO,2016,214308,
ESTAT:SBS_SC_CON_R2(1.0),15/03/2023 23:00,A,F,V16130,TOTAL,NO,2017,226076,
ESTAT:SBS_SC_CON_R2(1.0),15/03/2023 23:00,A,F,V16130,TOTAL,NO,2018,235647,b
ESTAT:SBS_SC_CON_R2(1.0),15/03/2023 23:00,A,F,V16130,TOTAL,NO,2019,242000,
ESTAT:SBS_SC_CON_R2(1.0),15/03/2023 23:00,A,F,V16130,TOTAL,NO,2020,242557,
ESTAT:SBS_SC_CON_R2(1.0),15/03/2023 23:00,A,F,V16130,TOTAL,PL,2011,668592,
ESTAT:SBS_SC_CON_R2(1.0),15/03/2023 23:00,A,F,V16130,TOTAL,PL,2012,637143,
ESTAT:SBS_SC_CON_R2(1.0),15/03/2023 23:00,A,F,V16130,TOTAL,PL,2013,590769,
ESTAT:SBS_SC_CON_R2(1.0),15/03/2023 23:00,A,F,V16130,TOTAL,PL,2014,586115,
ESTAT:SBS_SC_CON_R2(1.0),15/03/2023 23:00,A,F,V16130,TOTAL,PL,2015,591286,
ESTAT:SBS_SC_CON_R2(1.0),15/03/2023 23:00,A,F,V16130,TOTAL,PL,2016,608919,
ESTAT:SBS_SC_CON_R2(1.0),15/03/2023 23:00,A,F,V16130,TOTAL,PL,2017,612885,
ESTAT:SBS_SC_CON_R2(1.0),15/03/2023 23:00,A,F,V16130,TOTAL,PL,2018,700350,b
ESTAT:SBS_SC_CON_R2(1.0),15/03/2023 23:00,A,F,V16130,TOTAL,PL,2019,730273,
ESTAT:SBS_SC_CON_R2(1.0),15/03/2023 23:00,A,F,V16130,TOTAL,PL,2020,751338,
ESTAT:SBS_SC_CON_R2(1.0),15/03/2023 23:00,A,F,V16130,TOTAL,PT,2011,343857,
ESTAT:SBS_SC_CON_R2(1.0),15/03/2023 23:00,A,F,V16130,TOTAL,PT,2012,287637,
ESTAT:SBS_SC_CON_R2(1.0),15/03/2023 23:00,A,F,V16130,TOTAL,PT,2013,259106,
ESTAT:SBS_SC_CON_R2(1.0),15/03/2023 23:00,A,F,V16130,TOTAL,PT,2014,248783,
ESTAT:SBS_SC_CON_R2(1.0),15/03/2023 23:00,A,F,V16130,TOTAL,PT,2015,251396,
ESTAT:SBS_SC_CON_R2(1.0),15/03/2023 23:00,A,F,V16130,TOTAL,PT,2016,255506,
ESTAT:SBS_SC_CON_R2(1.0),15/03/2023 23:00,A,F,V16130,TOTAL,PT,2017,264653,
ESTAT:SBS_SC_CON_R2(1.0),15/03/2023 23:00,A,F,V16130,TOTAL,PT,2018,277670,
ESTAT:SBS_SC_CON_R2(1.0),15/03/2023 23:00,A,F,V16130,TOTAL,PT,2019,300786,
ESTAT:SBS_SC_CON_R2(1.0),15/03/2023 23:00,A,F,V16130,TOTAL,PT,2020,308943,
ESTAT:SBS_SC_CON_R2(1.0),15/03/2023 23:00,A,F,V16130,TOTAL,RO,2011,418202,p
ESTAT:SBS_SC_CON_R2(1.0),15/03/2023 23:00,A,F,V16130,TOTAL,RO,2012,399920,
ESTAT:SBS_SC_CON_R2(1.0),15/03/2023 23:00,A,F,V16130,TOTAL,RO,2013,369343,
ESTAT:SBS_SC_CON_R2(1.0),15/03/2023 23:00,A,F,V16130,TOTAL,RO,2014,355317,
ESTAT:SBS_SC_CON_R2(1.0),15/03/2023 23:00,A,F,V16130,TOTAL,RO,2015,363858,
ESTAT:SBS_SC_CON_R2(1.0),15/03/2023 23:00,A,F,V16130,TOTAL,RO,2016,360058,
ESTAT:SBS_SC_CON_R2(1.0),15/03/2023 23:00,A,F,V16130,TOTAL,RO,2017,354191,
ESTAT:SBS_SC_CON_R2(1.0),15/03/2023 23:00,A,F,V16130,TOTAL,RO,2018,355676,b
ESTAT:SBS_SC_CON_R2(1.0),15/03/2023 23:00,A,F,V16130,TOTAL,RO,2019,396164,
ESTAT:SBS_SC_CON_R2(1.0),15/03/2023 23:00,A,F,V16130,TOTAL,RO,2020,432511,
ESTAT:SBS_SC_CON_R2(1.0),15/03/2023 23:00,A,F,V16130,TOTAL,RS,2016,66513,p
ESTAT:SBS_SC_CON_R2(1.0),15/03/2023 23:00,A,F,V16130,TOTAL,RS,2017,68257,p
ESTAT:SBS_SC_CON_R2(1.0),15/03/2023 23:00,A,F,V16130,TOTAL,RS,2018,72352,
ESTAT:SBS_SC_CON_R2(1.0),15/03/2023 23:00,A,F,V16130,TOTAL,RS,2019,77815,
ESTAT:SBS_SC_CON_R2(1.0),15/03/2023 23:00,A,F,V16130,TOTAL,RS,2020,81054,
ESTAT:SBS_SC_CON_R2(1.0),15/03/2023 23:00,A,F,V16130,TOTAL,SE,2011,282745,
ESTAT:SBS_SC_CON_R2(1.0),15/03/2023 23:00,A,F,V16130,TOTAL,SE,2012,288820,
ESTAT:SBS_SC_CON_R2(1.0),15/03/2023 23:00,A,F,V16130,TOTAL,SE,2013,291179,
ESTAT:SBS_SC_CON_R2(1.0),15/03/2023 23:00,A,F,V16130,TOTAL,SE,2014,298113,
ESTAT:SBS_SC_CON_R2(1.0),15/03/2023 23:00,A,F,V16130,TOTAL,SE,2015,311625,
ESTAT:SBS_SC_CON_R2(1.0),15/03/2023 23:00,A,F,V16130,TOTAL,SE,2016,325160,
ESTAT:SBS_SC_CON_R2(1.0),15/03/2023 23:00,A,F,V16130,TOTAL,SE,2017,342570,
ESTAT:SBS_SC_CON_R2(1.0),15/03/2023 23:00,A,F,V16130,TOTAL,SE,2018,363845,b
ESTAT:SBS_SC_CON_R2(1.0),15/03/2023 23:00,A,F,V16130,TOTAL,SE,2019,361521,
ESTAT:SBS_SC_CON_R2(1.0),15/03/2023 23:00,A,F,V16130,TOTAL,SE,2020,339231,
ESTAT:SBS_SC_CON_R2(1.0),15/03/2023 23:00,A,F,V16130,TOTAL,SI,2011,56325,
ESTAT:SBS_SC_CON_R2(1.0),15/03/2023 23:00,A,F,V16130,TOTAL,SI,2012,50165,
ESTAT:SBS_SC_CON_R2(1.0),15/03/2023 23:00,A,F,V16130,TOTAL,SI,2013,49002,
ESTAT:SBS_SC_CON_R2(1.0),15/03/2023 23:00,A,F,V16130,TOTAL,SI,2014,48882,
ESTAT:SBS_SC_CON_R2(1.0),15/03/2023 23:00,A,F,V16130,TOTAL,SI,2015,50141,
ESTAT:SBS_SC_CON_R2(1.0),15/03/2023 23:00,A,F,V16130,TOTAL,SI,2016,49154,
ESTAT:SBS_SC_CON_R2(1.0),15/03/2023 23:00,A,F,V16130,TOTAL,SI,2017,50318,
ESTAT:SBS_SC_CON_R2(1.0),15/03/2023 23:00,A,F,V16130,TOTAL,SI,2018,54869,
ESTAT:SBS_SC_CON_R2(1.0),15/03/2023 23:00,A,F,V16130,TOTAL,SI,2019,60459,
ESTAT:SBS_SC_CON_R2(1.0),15/03/2023 23:00,A,F,V16130,TOTAL,SI,2020,60325,
ESTAT:SBS_SC_CON_R2(1.0),15/03/2023 23:00,A,F,V16130,TOTAL,SK,2011,80496,
ESTAT:SBS_SC_CON_R2(1.0),15/03/2023 23:00,A,F,V16130,TOTAL,SK,2012,71886,
ESTAT:SBS_SC_CON_R2(1.0),15/03/2023 23:00,A,F,V16130,TOTAL,SK,2013,68260,
ESTAT:SBS_SC_CON_R2(1.0),15/03/2023 23:00,A,F,V16130,TOTAL,SK,2014,72383,
ESTAT:SBS_SC_CON_R2(1.0),15/03/2023 23:00,A,F,V16130,TOTAL,SK,2015,74543,
ESTAT:SBS_SC_CON_R2(1.0),15/03/2023 23:00,A,F,V16130,TOTAL,SK,2016,73844,
ESTAT:SBS_SC_CON_R2(1.0),15/03/2023 23:00,A,F,V16130,TOTAL,SK,2017,79166,
ESTAT:SBS_SC_CON_R2(1.0),15/03/2023 23:00,A,F,V16130,TOTAL,SK,2018,81454,
ESTAT:SBS_SC_CON_R2(1.0),15/03/2023 23:00,A,F,V16130,TOTAL,SK,2019,82085,
ESTAT:SBS_SC_CON_R2(1.0),15/03/2023 23:00,A,F,V16130,TOTAL,SK,2020,75743,
ESTAT:SBS_SC_CON_R2(1.0),15/03/2023 23:00,A,F,V16130,TOTAL,UK,2011,1258827,
ESTAT:SBS_SC_CON_R2(1.0),15/03/2023 23:00,A,F,V16130,TOTAL,UK,2012,1190656,
ESTAT:SBS_SC_CON_R2(1.0),15/03/2023 23:00,A,F,V16130,TOTAL,UK,2013,1185171,
ESTAT:SBS_SC_CON_R2(1.0),15/03/2023 23:00,A,F,V16130,TOTAL,UK,2014,1243281,
ESTAT:SBS_SC_CON_R2(1.0),15/03/2023 23:00,A,F,V16130,TOTAL,UK,2015,1274045,
ESTAT:SBS_SC_CON_R2(1.0),15/03/2023 23:00,A,F,V16130,TOTAL,UK,2016,1305968,b
ESTAT:SBS_SC_CON_R2(1.0),15/03/2023 23:00,A,F,V16130,TOTAL,UK,2017,1425733,
ESTAT:SBS_SC_CON_R2(1.0),15/03/2023 23:00,A,F,V16130,TOTAL,UK,2018,1433435,
ESTAT:SBS_SC_CON_R2(1.0),15/03/2023 23:00,A,F41,V16130,TOTAL,AL,2019,24807,
ESTAT:SBS_SC_CON_R2(1.0),15/03/2023 23:00,A,F41,V16130,TOTAL,AL,2020,26939,
ESTAT:SBS_SC_CON_R2(1.0),15/03/2023 23:00,A,F41,V16130,TOTAL,AT,2011,56886,
ESTAT:SBS_SC_CON_R2(1.0),15/03/2023 23:00,A,F41,V16130,TOTAL,AT,2012,57444,
ESTAT:SBS_SC_CON_R2(1.0),15/03/2023 23:00,A,F41,V16130,TOTAL,AT,2013,56225,
ESTAT:SBS_SC_CON_R2(1.0),15/03/2023 23:00,A,F41,V16130,TOTAL,AT,2014,57407,
ESTAT:SBS_SC_CON_R2(1.0),15/03/2023 23:00,A,F41,V16130,TOTAL,AT,2015,59891,
ESTAT:SBS_SC_CON_R2(1.0),15/03/2023 23:00,A,F41,V16130,TOTAL,AT,2016,63126,
ESTAT:SBS_SC_CON_R2(1.0),15/03/2023 23:00,A,F41,V16130,TOTAL,AT,2017,64922,
ESTAT:SBS_SC_CON_R2(1.0),15/03/2023 23:00,A,F41,V16130,TOTAL,AT,2018,71607,b
ESTAT:SBS_SC_CON_R2(1.0),15/03/2023 23:00,A,F41,V16130,TOTAL,AT,2019,74392,
ESTAT:SBS_SC_CON_R2(1.0),15/03/2023 23:00,A,F41,V16130,TOTAL,AT,2020,75500,
ESTAT:SBS_SC_CON_R2(1.0),15/03/2023 23:00,A,F41,V16130,TOTAL,BA,2011,14050,p
ESTAT:SBS_SC_CON_R2(1.0),15/03/2023 23:00,A,F41,V16130,TOTAL,BA,2012,13802,p
ESTAT:SBS_SC_CON_R2(1.0),15/03/2023 23:00,A,F41,V16130,TOTAL,BA,2013,12035,p
ESTAT:SBS_SC_CON_R2(1.0),15/03/2023 23:00,A,F41,V16130,TOTAL,BA,2014,11982,e
ESTAT:SBS_SC_CON_R2(1.0),15/03/2023 23:00,A,F41,V16130,TOTAL,BA,2015,12291,e
ESTAT:SBS_SC_CON_R2(1.0),15/03/2023 23:00,A,F41,V16130,TOTAL,BA,2016,12848,e
ESTAT:SBS_SC_CON_R2(1.0),15/03/2023 23:00,A,F41,V16130,TOTAL,BA,2017,14079,b
ESTAT:SBS_SC_CON_R2(1.0),15/03/2023 23:00,A,F41,V16130,TOTAL,BA,2018,13185,
ESTAT:SBS_SC_CON_R2(1.0),15/03/2023 23:00,A,F41,V16130,TOTAL,BA,2019,13673,
ESTAT:SBS_SC_CON_R2(1.0),15/03/2023 23:00,A,F41,V16130,TOTAL,BA,2020,13743,
ESTAT:SBS_SC_CON_R2(1.0),15/03/2023 23:00,A,F41,V16130,TOTAL,BE,2011,60252,
ESTAT:SBS_SC_CON_R2(1.0),15/03/2023 23:00,A,F41,V16130,TOTAL,BE,2012,62201,
ESTAT:SBS_SC_CON_R2(1.0),15/03/2023 23:00,A,F41,V16130,TOTAL,BE,2013,60932,
ESTAT:SBS_SC_CON_R2(1.0),15/03/2023 23:00,A,F41,V16130,TOTAL,BE,2014,58617,
ESTAT:SBS_SC_CON_R2(1.0),15/03/2023 23:00,A,F41,V16130,TOTAL,BE,2015,55816,
ESTAT:SBS_SC_CON_R2(1.0),15/03/2023 23:00,A,F41,V16130,TOTAL,BE,2016,55454,
ESTAT:SBS_SC_CON_R2(1.0),15/03/2023 23:00,A,F41,V16130,TOTAL,BE,2017,54109,
ESTAT:SBS_SC_CON_R2(1.0),15/03/2023 23:00,A,F41,V16130,TOTAL,BE,2018,56615,b
ESTAT:SBS_SC_CON_R2(1.0),15/03/2023 23:00,A,F41,V16130,TOTAL,BE,2019,55195,
ESTAT:SBS_SC_CON_R2(1.0),15/03/2023 23:00,A,F41,V16130,TOTAL,BE,2020,56289,
ESTAT:SBS_SC_CON_R2(1.0),15/03/2023 23:00,A,F41,V16130,TOTAL,BG,2011,65301,
ESTAT:SBS_SC_CON_R2(1.0),15/03/2023 23:00,A,F41,V16130,TOTAL,BG,2012,58164,
ESTAT:SBS_SC_CON_R2(1.0),15/03/2023 23:00,A,F41,V16130,TOTAL,BG,2013,55271,
ESTAT:SBS_SC_CON_R2(1.0),15/03/2023 23:00,A,F41,V16130,TOTAL,BG,2014,54457,
ESTAT:SBS_SC_CON_R2(1.0),15/03/2023 23:00,A,F41,V16130,TOTAL,BG,2015,53039,
ESTAT:SBS_SC_CON_R2(1.0),15/03/2023 23:00,A,F41,V16130,TOTAL,BG,2016,53170,
ESTAT:SBS_SC_CON_R2(1.0),15/03/2023 23:00,A,F41,V16130,TOTAL,BG,2017,57839,
ESTAT:SBS_SC_CON_R2(1.0),15/03/2023 23:00,A,F41,V16130,TOTAL,BG,2018,59423,b
ESTAT:SBS_SC_CON_R2(1.0),15/03/2023 23:00,A,F41,V16130,TOTAL,BG,2019,59795,
ESTAT:SBS_SC_CON_R2(1.0),15/03/2023 23:00,A,F41,V16130,TOTAL,BG,2020,56800,
ESTAT:SBS_SC_CON_R2(1.0),15/03/2023 23:00,A,F41,V16130,TOTAL,CY,2011,15546,
ESTAT:SBS_SC_CON_R2(1.0),15/03/2023 23:00,A,F41,V16130,TOTAL,CY,2012,12587,
ESTAT:SBS_SC_CON_R2(1.0),15/03/2023 23:00,A,F41,V16130,TOTAL,CY,2013,9347,
ESTAT:SBS_SC_CON_R2(1.0),15/03/2023 23:00,A,F41,V16130,TOTAL,CY,2014,7852,
ESTAT:SBS_SC_CON_R2(1.0),15/03/2023 23:00,A,F41,V16130,TOTAL,CY,2015,7903,
ESTAT:SBS_SC_CON_R2(1.0),15/03/2023 23:00,A,F41,V16130,TOTAL,CY,2016,8756,
ESTAT:SBS_SC_CON_R2(1.0),15/03/2023 23:00,A,F41,V16130,TOTAL,CY,2017,11193,
ESTAT:SBS_SC_CON_R2(1.0),15/03/2023 23:00,A,F41,V16130,TOTAL,CY,2018,13354,
ESTAT:SBS_SC_CON_R2(1.0),15/03/2023 23:00,A,F41,V16130,TOTAL,CY,2019,15335,
ESTAT:SBS_SC_CON_R2(1.0),15/03/2023 23:00,A,F41,V16130,TOTAL,CY,2020,16399,
ESTAT:SBS_SC_CON_R2(1.0),15/03/2023 23:00,A,F41,V16130,TOTAL,CZ,2011,85369,
ESTAT:SBS_SC_CON_R2(1.0),15/03/2023 23:00,A,F41,V16130,TOTAL,CZ,2012,82699,
ESTAT:SBS_SC_CON_R2(1.0),15/03/2023 23:00,A,F41,V16130,TOTAL,CZ,2013,76752,
ESTAT:SBS_SC_CON_R2(1.0),15/03/2023 23:00,A,F41,V16130,TOTAL,CZ,2014,72715,
ESTAT:SBS_SC_CON_R2(1.0),15/03/2023 23:00,A,F41,V16130,TOTAL,CZ,2015,70822,
ESTAT:SBS_SC_CON_R2(1.0),15/03/2023 23:00,A,F41,V16130,TOTAL,CZ,2016,68111,
ESTAT:SBS_SC_CON_R2(1.0),15/03/2023 23:00,A,F41,V16130,TOTAL,CZ,2017,62165,
ESTAT:SBS_SC_CON_R2(1.0),15/03/2023 23:00,A,F41,V16130,TOTAL,CZ,2018,61593,
ESTAT:SBS_SC_CON_R2(1.0),15/03/2023 23:00,A,F41,V16130,TOTAL,CZ,2019,61533,
ESTAT:SBS_SC_CON_R2(1.0),15/03/2023 23:00,A,F41,V16130,TOTAL,CZ,2020,60622,
ESTAT:SBS_SC_CON_R2(1.0),15/03/2023 23:00,A,F41,V16130,TOTAL,DE,2011,255841,
ESTAT:SBS_SC_CON_R2(1.0),15/03/2023 23:00,A,F41,V16130,TOTAL,DE,2012,267707,
ESTAT:SBS_SC_CON_R2(1.0),15/03/2023 23:00,A,F41,V16130,TOTAL,DE,2013,275498,
ESTAT:SBS_SC_CON_R2(1.0),15/03/2023 23:00,A,F41,V16130,TOTAL,DE,2014,289127,
ESTAT:SBS_SC_CON_R2(1.0),15/03/2023 23:00,A,F41,V16130,TOTAL,DE,2015,276122,
ESTAT:SBS_SC_CON_R2(1.0),15/03/2023 23:00,A,F41,V16130,TOTAL,DE,2016,283978,
ESTAT:SBS_SC_CON_R2(1.0),15/03/2023 23:00,A,F41,V16130,TOTAL,DE,2017,285644,
ESTAT:SBS_SC_CON_R2(1.0),15/03/2023 23:00,A,F41,V16130,TOTAL,DE,2018,320898,b
ESTAT:SBS_SC_CON_R2(1.0),15/03/2023 23:00,A,F41,V16130,TOTAL,DE,2019,337616,
ESTAT:SBS_SC_CON_R2(1.0),15/03/2023 23:00,A,F41,V16130,TOTAL,DE,2020,342950,
ESTAT:SBS_SC_CON_R2(1.0),15/03/2023 23:00,A,F41,V16130,TOTAL,DK,2011,27478,
ESTAT:SBS_SC_CON_R2(1.0),15/03/2023 23:00,A,F41,V16130,TOTAL,DK,2012,26700,
ESTAT:SBS_SC_CON_R2(1.0),15/03/2023 23:00,A,F41,V16130,TOTAL,DK,2013,26144,
ESTAT:SBS_SC_CON_R2(1.0),15/03/2023 23:00,A,F41,V16130,TOTAL,DK,2014,24999,
ESTAT:SBS_SC_CON_R2(1.0),15/03/2023 23:00,A,F41,V16130,TOTAL,DK,2015,25681,
ESTAT:SBS_SC_CON_R2(1.0),15/03/2023 23:00,A,F41,V16130,TOTAL,DK,2016,24228,b
ESTAT:SBS_SC_CON_R2(1.0),15/03/2023 23:00,A,F41,V16130,TOTAL,DK,2017,25282,
ESTAT:SBS_SC_CON_R2(1.0),15/03/2023 23:00,A,F41,V16130,TOTAL,DK,2018,25840,
ESTAT:SBS_SC_CON_R2(1.0),15/03/2023 23:00,A,F41,V16130,TOTAL,DK,2019,25676,
ESTAT:SBS_SC_CON_R2(1.0),15/03/2023 23:00,A,F41,V16130,TOTAL,DK,2020,28362,
ESTAT:SBS_SC_CON_R2(1.0),15/03/2023 23:00,A,F41,V16130,TOTAL,EE,2011,15527,
ESTAT:SBS_SC_CON_R2(1.0),15/03/2023 23:00,A,F41,V16130,TOTAL,EE,2012,15895,
ESTAT:SBS_SC_CON_R2(1.0),15/03/2023 23:00,A,F41,V16130,TOTAL,EE,2013,14649,
ESTAT:SBS_SC_CON_R2(1.0),15/03/2023 23:00,A,F41,V16130,TOTAL,EE,2014,14041,
ESTAT:SBS_SC_CON_R2(1.0),15/03/2023 23:00,A,F41,V16130,TOTAL,EE,2015,13931,
ESTAT:SBS_SC_CON_R2(1.0),15/03/2023 23:00,A,F41,V16130,TOTAL,EE,2016,15312,
ESTAT:SBS_SC_CON_R2(1.0),15/03/2023 23:00,A,F41,V16130,TOTAL,EE,2017,16318,
ESTAT:SBS_SC_CON_R2(1.0),15/03/2023 23:00,A,F41,V16130,TOTAL,EE,2018,17942,b
ESTAT:SBS_SC_CON_R2(1.0),15/03/2023 23:00,A,F41,V16130,TOTAL,EE,2019,18108,
ESTAT:SBS_SC_CON_R2(1.0),15/03/2023 23:00,A,F41,V16130,TOTAL,EE,2020,18790,
ESTAT:SBS_SC_CON_R2(1.0),15/03/2023 23:00,A,F41,V16130,TOTAL,EL,2011,57386,
ESTAT:SBS_SC_CON_R2(1.0),15/03/2023 23:00,A,F41,V16130,TOTAL,EL,2012,46341,
ESTAT:SBS_SC_CON_R2(1.0),15/03/2023 23:00,A,F41,V16130,TOTAL,EL,2013,44282,
ESTAT:SBS_SC_CON_R2(1.0),15/03/2023 23:00,A,F41,V16130,TOTAL,EL,2014,25907,
ESTAT:SBS_SC_CON_R2(1.0),15/03/2023 23:00,A,F41,V16130,TOTAL,EL,2015,21715,
ESTAT:SBS_SC_CON_R2(1.0),15/03/2023 23:00,A,F41,V16130,TOTAL,EL,2016,26840,
ESTAT:SBS_SC_CON_R2(1.0),15/03/2023 23:00,A,F41,V16130,TOTAL,EL,2017,18529,
ESTAT:SBS_SC_CON_R2(1.0),15/03/2023 23:00,A,F41,V16130,TOTAL,EL,2018,29138,b
ESTAT:SBS_SC_CON_R2(1.0),15/03/2023 23:00,A,F41,V16130,TOTAL,EL,2019,28620,
ESTAT:SBS_SC_CON_R2(1.0),15/03/2023 23:00,A,F41,V16130,TOTAL,EL,2020,28551,
ESTAT:SBS_SC_CON_R2(1.0),15/03/2023 23:00,A,F41,V16130,TOTAL,ES,2011,451763,
ESTAT:SBS_SC_CON_R2(1.0),15/03/2023 23:00,A,F41,V16130,TOTAL,ES,2012,344217,
ESTAT:SBS_SC_CON_R2(1.0),15/03/2023 23:00,A,F41,V16130,TOTAL,ES,2013,280854,
ESTAT:SBS_SC_CON_R2(1.0),15/03/2023 23:00,A,F41,V16130,TOTAL,ES,2014,281381,
ESTAT:SBS_SC_CON_R2(1.0),15/03/2023 23:00,A,F41,V16130,TOTAL,ES,2015,271669,
ESTAT:SBS_SC_CON_R2(1.0),15/03/2023 23:00,A,F41,V16130,TOTAL,ES,2016,314215,
ESTAT:SBS_SC_CON_R2(1.0),15/03/2023 23:00,A,F41,V16130,TOTAL,ES,2017,330786,
ESTAT:SBS_SC_CON_R2(1.0),15/03/2023 23:00,A,F41,V16130,TOTAL,ES,2018,398010,b
ESTAT:SBS_SC_CON_R2(1.0),15/03/2023 23:00,A,F41,V16130,TOTAL,ES,2019,418279,
ESTAT:SBS_SC_CON_R2(1.0),15/03/2023 23:00,A,F41,V16130,TOTAL,ES,2020,379879,
ESTAT:SBS_SC_CON_R2(1.0),15/03/2023 23:00,A,F41,V16130,TOTAL,FI,2011,58678,
ESTAT:SBS_SC_CON_R2(1.0),15/03/2023 23:00,A,F41,V16130,TOTAL,FI,2012,59247,
ESTAT:SBS_SC_CON_R2(1.0),15/03/2023 23:00,A,F41,V16130,TOTAL,FI,2013,60253,b
ESTAT:SBS_SC_CON_R2(1.0),15/03/2023 23:00,A,F41,V16130,TOTAL,FI,2014,59431,
ESTAT:SBS_SC_CON_R2(1.0),15/03/2023 23:00,A,F41,V16130,TOTAL,FI,2015,59556,
ESTAT:SBS_SC_CON_R2(1.0),15/03/2023 23:00,A,F41,V16130,TOTAL,FI,2016,60702,
ESTAT:SBS_SC_CON_R2(1.0),15/03/2023 23:00,A,F41,V16130,TOTAL,FI,2017,66772,b
ESTAT:SBS_SC_CON_R2(1.0),15/03/2023 23:00,A,F41,V16130,TOTAL,FI,2018,71574,
ESTAT:SBS_SC_CON_R2(1.0),15/03/2023 23:00,A,F41,V16130,TOTAL,FI,2019,72170,
ESTAT:SBS_SC_CON_R2(1.0),15/03/2023 23:00,A,F41,V16130,TOTAL,FI,2020,69203,
ESTAT:SBS_SC_CON_R2(1.0),15/03/2023 23:00,A,F41,V16130,TOTAL,FR,2011,141379,
ESTAT:SBS_SC_CON_R2(1.0),15/03/2023 23:00,A,F41,V16130,TOTAL,FR,2012,154285,
ESTAT:SBS_SC_CON_R2(1.0),15/03/2023 23:00,A,F41,V16130,TOTAL,FR,2013,137028,
ESTAT:SBS_SC_CON_R2(1.0),15/03/2023 23:00,A,F41,V16130,TOTAL,FR,2014,166777,b
ESTAT:SBS_SC_CON_R2(1.0),15/03/2023 23:00,A,F41,V16130,TOTAL,FR,2015,167074,b
ESTAT:SBS_SC_CON_R2(1.0),15/03/2023 23:00,A,F41,V16130,TOTAL,FR,2016,166418,be
ESTAT:SBS_SC_CON_R2(1.0),15/03/2023 23:00,A,F41,V16130,TOTAL,FR,2017,204749,be
ESTAT:SBS_SC_CON_R2(1.0),15/03/2023 23:00,A,F41,V16130,TOTAL,FR,2018,205182,
ESTAT:SBS_SC_CON_R2(1.0),15/03/2023 23:00,A,F41,V16130,TOTAL,FR,2019,219815,
ESTAT:SBS_SC_CON_R2(1.0),15/03/2023 23:00,A,F41,V16130,TOTAL,FR,2020,196184,
ESTAT:SBS_SC_CON_R2(1.0),15/03/2023 23:00,A,F41,V16130,TOTAL,HR,2011,41967,
ESTAT:SBS_SC_CON_R2(1.0),15/03/2023 23:00,A,F41,V16130,TOTAL,HR,2012,37978,
ESTAT:SBS_SC_CON_R2(1.0),15/03/2023 23:00,A,F41,V16130,TOTAL,HR,2013,34752,
ESTAT:SBS_SC_CON_R2(1.0),15/03/2023 23:00,A,F41,V16130,TOTAL,HR,2014,32777,
ESTAT:SBS_SC_CON_R2(1.0),15/03/2023 23:00,A,F41,V16130,TOTAL,HR,2015,33181,
ESTAT:SBS_SC_CON_R2(1.0),15/03/2023 23:00,A,F41,V16130,TOTAL,HR,2016,32946,
ESTAT:SBS_SC_CON_R2(1.0),15/03/2023 23:00,A,F41,V16130,TOTAL,HR,2017,35072,
ESTAT:SBS_SC_CON_R2(1.0),15/03/2023 23:00,A,F41,V16130,TOTAL,HR,2018,37993,
ESTAT:SBS_SC_CON_R2(1.0),15/03/2023 23:00,A,F41,V16130,TOTAL,HR,2019,42907,b
ESTAT:SBS_SC_CON_R2(1.0),15/03/2023 23:00,A,F41,V16130,TOTAL,HR,2020,45100,
ESTAT:SBS_SC_CON_R2(1.0),15/03/2023 23:00,A,F41,V16130,TOTAL,HU,2011,47834,
ESTAT:SBS_SC_CON_R2(1.0),15/03/2023 23:00,A,F41,V16130,TOTAL,HU,2012,46350,
ESTAT:SBS_SC_CON_R2(1.0),15/03/2023 23:00,A,F41,V16130,TOTAL,HU,2013,46705,
ESTAT:SBS_SC_CON_R2(1.0),15/03/2023 23:00,A,F41,V16130,TOTAL,HU,2014,48872,
ESTAT:SBS_SC_CON_R2(1.0),15/03/2023 23:00,A,F41,V16130,TOTAL,HU,2015,50241,
ESTAT:SBS_SC_CON_R2(1.0),15/03/2023 23:00,A,F41,V16130,TOTAL,HU,2016,51818,
ESTAT:SBS_SC_CON_R2(1.0),15/03/2023 23:00,A,F41,V16130,TOTAL,HU,2017,55909,
ESTAT:SBS_SC_CON_R2(1.0),15/03/2023 23:00,A,F41,V16130,TOTAL,HU,2018,63555,b
ESTAT:SBS_SC_CON_R2(1.0),15/03/2023 23:00,A,F41,V16130,TOTAL,HU,2019,65129,
ESTAT:SBS_SC_CON_R2(1.0),15/03/2023 23:00,A,F41,V16130,TOTAL,HU,2020,66758,
ESTAT:SBS_SC_CON_R2(1.0),15/03/2023 23:00,A,F41,V16130,TOTAL,IE,2011,19032,
ESTAT:SBS_SC_CON_R2(1.0),15/03/2023 23:00,A,F41,V16130,TOTAL,IE,2012,16912,
ESTAT:SBS_SC_CON_R2(1.0),15/03/2023 23:00,A,F41,V16130,TOTAL,IE,2013,17198,
ESTAT:SBS_SC_CON_R2(1.0),15/03/2023 23:00,A,F41,V16130,TOTAL,IE,2014,19251,
ESTAT:SBS_SC_CON_R2(1.0),15/03/2023 23:00,A,F41,V16130,TOTAL,IE,2015,21179,
ESTAT:SBS_SC_CON_R2(1.0),15/03/2023 23:00,A,F41,V16130,TOTAL,IE,2016,25229,
ESTAT:SBS_SC_CON_R2(1.0),15/03/2023 23:00,A,F41,V16130,TOTAL,IE,2017,29398,
ESTAT:SBS_SC_CON_R2(1.0),15/03/2023 23:00,A,F41,V16130,TOTAL,IE,2018,31651,
ESTAT:SBS_SC_CON_R2(1.0),15/03/2023 23:00,A,F41,V16130,TOTAL,IE,2019,34880,
ESTAT:SBS_SC_CON_R2(1.0),15/03/2023 23:00,A,F41,V16130,TOTAL,IE,2020,33900,
ESTAT:SBS_SC_CON_R2(1.0),15/03/2023 23:00,A,F41,V16130,TOTAL,IS,2015,4489,p
ESTAT:SBS_SC_CON_R2(1.0),15/03/2023 23:00,A,F41,V16130,TOTAL,IS,2016,5767,p
ESTAT:SBS_SC_CON_R2(1.0),15/03/2023 23:00,A,F41,V16130,TOTAL,IS,2017,6789,p
ESTAT:SBS_SC_CON_R2(1.0),15/03/2023 23:00,A,F41,V16130,TOTAL,IS,2018,7088,
ESTAT:SBS_SC_CON_R2(1.0),15/03/2023 23:00,A,F41,V16130,TOTAL,IS,2019,7260,p
ESTAT:SBS_SC_CON_R2(1.0),15/03/2023 23:00,A,F41,V16130,TOTAL,IS,2020,6578,p
ESTAT:SBS_SC_CON_R2(1.0),15/03/2023 23:00,A,F41,V16130,TOTAL,IT,2011,321109,
ESTAT:SBS_SC_CON_R2(1.0),15/03/2023 23:00,A,F41,V16130,TOTAL,IT,2012,298671,
ESTAT:SBS_SC_CON_R2(1.0),15/03/2023 23:00,A,F41,V16130,TOTAL,IT,2013,253933,
ESTAT:SBS_SC_CON_R2(1.0),15/03/2023 23:00,A,F41,V16130,TOTAL,IT,2014,227870,
ESTAT:SBS_SC_CON_R2(1.0),15/03/2023 23:00,A,F41,V16130,TOTAL,IT,2015,216563,
ESTAT:SBS_SC_CON_R2(1.0),15/03/2023 23:00,A,F41,V16130,TOTAL,IT,2016,210781,
ESTAT:SBS_SC_CON_R2(1.0),15/03/2023 23:00,A,F41,V16130,TOTAL,IT,2017,202942,b
ESTAT:SBS_SC_CON_R2(1.0),15/03/2023 23:00,A,F41,V16130,TOTAL,IT,2018,200511,
ESTAT:SBS_SC_CON_R2(1.0),15/03/2023 23:00,A,F41,V16130,TOTAL,IT,2019,203237,
ESTAT:SBS_SC_CON_R2(1.0),15/03/2023 23:00,A,F41,V16130,TOTAL,IT,2020,209625,
ESTAT:SBS_SC_CON_R2(1.0),15/03/2023 23:00,A,F41,V16130,TOTAL,LT,2011,39309,
ESTAT:SBS_SC_CON_R2(1.0),15/03/2023 23:00,A,F41,V16130,TOTAL,LT,2012,40681,
ESTAT:SBS_SC_CON_R2(1.0),15/03/2023 23:00,A,F41,V16130,TOTAL,LT,2013,42284,
ESTAT:SBS_SC_CON_R2(1.0),15/03/2023 23:00,A,F41,V16130,TOTAL,LT,2014,44645,
ESTAT:SBS_SC_CON_R2(1.0),15/03/2023 23:00,A,F41,V16130,TOTAL,LT,2015,45185,
ESTAT:SBS_SC_CON_R2(1.0),15/03/2023 23:00,A,F41,V16130,TOTAL,LT,2016,42878,
ESTAT:SBS_SC_CON_R2(1.0),15/03/2023 23:00,A,F41,V16130,TOTAL,LT,2017,41558,
ESTAT:SBS_SC_CON_R2(1.0),15/03/2023 23:00,A,F41,V16130,TOTAL,LT,2018,41790,b
ESTAT:SBS_SC_CON_R2(1.0),15/03/2023 23:00,A,F41,V16130,TOTAL,LT,2019,42777,
ESTAT:SBS_SC_CON_R2(1.0),15/03/2023 23:00,A,F41,V16130,TOTAL,LT,2020,41990,
ESTAT:SBS_SC_CON_R2(1.0),15/03/2023 23:00,A,F41,V16130,TOTAL,LU,2011,12067,
ESTAT:SBS_SC_CON_R2(1.0),15/03/2023 23:00,A,F41,V16130,TOTAL,LU,2012,11847,
ESTAT:SBS_SC_CON_R2(1.0),15/03/2023 23:00,A,F41,V16130,TOTAL,LU,2013,11829,
ESTAT:SBS_SC_CON_R2(1.0),15/03/2023 23:00,A,F41,V16130,TOTAL,LU,2014,11920,
ESTAT:SBS_SC_CON_R2(1.0),15/03/2023 23:00,A,F41,V16130,TOTAL,LU,2015,12104,
ESTAT:SBS_SC_CON_R2(1.0),15/03/2023 23:00,A,F41,V16130,TOTAL,LU,2016,12424,
ESTAT:SBS_SC_CON_R2(1.0),15/03/2023 23:00,A,F41,V16130,TOTAL,LU,2017,12804,
ESTAT:SBS_SC_CON_R2(1.0),15/03/2023 23:00,A,F41,V16130,TOTAL,LU,2018,13439,
ESTAT:SBS_SC_CON_R2(1.0),15/03/2023 23:00,A,F41,V16130,TOTAL,LU,2019,14075,
ESTAT:SBS_SC_CON_R2(1.0),15/03/2023 23:00,A,F41,V16130,TOTAL,LU,2020,14820,
ESTAT:SBS_SC_CON_R2(1.0),15/03/2023 23:00,A,F41,V16130,TOTAL,LV,2011,17715,
ESTAT:SBS_SC_CON_R2(1.0),15/03/2023 23:00,A,F41,V16130,TOTAL,LV,2012,20206,
ESTAT:SBS_SC_CON_R2(1.0),15/03/2023 23:00,A,F41,V16130,TOTAL,LV,2013,21081,
ESTAT:SBS_SC_CON_R2(1.0),15/03/2023 23:00,A,F41,V16130,TOTAL,LV,2014,24555,
ESTAT:SBS_SC_CON_R2(1.0),15/03/2023 23:00,A,F41,V16130,TOTAL,LV,2015,21220,
ESTAT:SBS_SC_CON_R2(1.0),15/03/2023 23:00,A,F41,V16130,TOTAL,LV,2016,19195,
ESTAT:SBS_SC_CON_R2(1.0),15/03/2023 23:00,A,F41,V16130,TOTAL,LV,2017,20475,
ESTAT:SBS_SC_CON_R2(1.0),15/03/2023 23:00,A,F41,V16130,TOTAL,LV,2018,22333,
ESTAT:SBS_SC_CON_R2(1.0),15/03/2023 23:00,A,F41,V16130,TOTAL,LV,2019,22916,
ESTAT:SBS_SC_CON_R2(1.0),15/03/2023 23:00,A,F41,V16130,TOTAL,LV,2020,21517,
ESTAT:SBS_SC_CON_R2(1.0),15/03/2023 23:00,A,F41,V16130,TOTAL,MK,2011,9871,
ESTAT:SBS_SC_CON_R2(1.0),15/03/2023 23:00,A,F41,V16130,TOTAL,MK,2012,10261,
ESTAT:SBS_SC_CON_R2(1.0),15/03/2023 23:00,A,F41,V16130,TOTAL,MK,2013,10236,
ESTAT:SBS_SC_CON_R2(1.0),15/03/2023 23:00,A,F41,V16130,TOTAL,MK,2014,10188,
ESTAT:SBS_SC_CON_R2(1.0),15/03/2023 23:00,A,F41,V16130,TOTAL,MK,2015,10702,
ESTAT:SBS_SC_CON_R2(1.0),15/03/2023 23:00,A,F41,V16130,TOTAL,MK,2016,11660,
ESTAT:SBS_SC_CON_R2(1.0),15/03/2023 23:00,A,F41,V16130,TOTAL,MK,2017,11863,
ESTAT:SBS_SC_CON_R2(1.0),15/03/2023 23:00,A,F41,V16130,TOTAL,MK,2018,,c
ESTAT:SBS_SC_CON_R2(1.0),15/03/2023 23:00,A,F41,V16130,TOTAL,MK,2019,10984,
ESTAT:SBS_SC_CON_R2(1.0),15/03/2023 23:00,A,F41,V16130,TOTAL,MT,2011,3441,
ESTAT:SBS_SC_CON_R2(1.0),15/03/2023 23:00,A,F41,V16130,TOTAL,MT,2012,3092,
ESTAT:SBS_SC_CON_R2(1.0),15/03/2023 23:00,A,F41,V16130,TOTAL,MT,2013,3052,
ESTAT:SBS_SC_CON_R2(1.0),15/03/2023 23:00,A,F41,V16130,TOTAL,MT,2014,2725,
ESTAT:SBS_SC_CON_R2(1.0),15/03/2023 23:00,A,F41,V16130,TOTAL,MT,2015,3081,
ESTAT:SBS_SC_CON_R2(1.0),15/03/2023 23:00,A,F41,V16130,TOTAL,MT,2016,3269,
ESTAT:SBS_SC_CON_R2(1.0),15/03/2023 23:00,A,F41,V16130,TOTAL,MT,2017,2832,
ESTAT:SBS_SC_CON_R2(1.0),15/03/2023 23:00,A,F41,V16130,TOTAL,MT,2018,3117,
ESTAT:SBS_SC_CON_R2(1.0),15/03/2023 23:00,A,F41,V16130,TOTAL,MT,2019,3946,
ESTAT:SBS_SC_CON_R2(1.0),15/03/2023 23:00,A,F41,V16130,TOTAL,MT,2020,4226,
ESTAT:SBS_SC_CON_R2(1.0),15/03/2023 23:00,A,F41,V16130,TOTAL,NL,2011,107372,
ESTAT:SBS_SC_CON_R2(1.0),15/03/2023 23:00,A,F41,V16130,TOTAL,NL,2012,99005,
ESTAT:SBS_SC_CON_R2(1.0),15/03/2023 23:00,A,F41,V16130,TOTAL,NL,2013,88100,
ESTAT:SBS_SC_CON_R2(1.0),15/03/2023 23:00,A,F41,V16130,TOTAL,NL,2014,80161,
ESTAT:SBS_SC_CON_R2(1.0),15/03/2023 23:00,A,F41,V16130,TOTAL,NL,2015,78007,
ESTAT:SBS_SC_CON_R2(1.0),15/03/2023 23:00,A,F41,V16130,TOTAL,NL,2016,79407,
ESTAT:SBS_SC_CON_R2(1.0),15/03/2023 23:00,A,F41,V16130,TOTAL,NL,2017,83688,
ESTAT:SBS_SC_CON_R2(1.0),15/03/2023 23:00,A,F41,V16130,TOTAL,NL,2018,87752,
ESTAT:SBS_SC_CON_R2(1.0),15/03/2023 23:00,A,F41,V16130,TOTAL,NL,2019,92220,
ESTAT:SBS_SC_CON_R2(1.0),15/03/2023 23:00,A,F41,V16130,TOTAL,NL,2020,94164,
ESTAT:SBS_SC_CON_R2(1.0),15/03/2023 23:00,A,F41,V16130,TOTAL,NO,2011,63336,
ESTAT:SBS_SC_CON_R2(1.0),15/03/2023 23:00,A,F41,V16130,TOTAL,NO,2012,67478,
ESTAT:SBS_SC_CON_R2(1.0),15/03/2023 23:00,A,F41,V16130,TOTAL,NO,2013,70648,
ESTAT:SBS_SC_CON_R2(1.0),15/03/2023 23:00,A,F41,V16130,TOTAL,NO,2014,73100,
ESTAT:SBS_SC_CON_R2(1.0),15/03/2023 23:00,A,F41,V16130,TOTAL,NO,2015,74000,
ESTAT:SBS_SC_CON_R2(1.0),15/03/2023 23:00,A,F41,V16130,TOTAL,NO,2016,76414,
ESTAT:SBS_SC_CON_R2(1.0),15/03/2023 23:00,A,F41,V16130,TOTAL,NO,2017,80236,
ESTAT:SBS_SC_CON_R2(1.0),15/03/2023 23:00,A,F41,V16130,TOTAL,NO,2018,82986,b
ESTAT:SBS_SC_CON_R2(1.0),15/03/2023 23:00,A,F41,V16130,TOTAL,NO,2019,83243,
ESTAT:SBS_SC_CON_R2(1.0),15/03/2023 23:00,A,F41,V16130,TOTAL,NO,2020,82152,
ESTAT:SBS_SC_CON_R2(1.0),15/03/2023 23:00,A,F41,V16130,TOTAL,PL,2011,247481,
ESTAT:SBS_SC_CON_R2(1.0),15/03/2023 23:00,A,F41,V16130,TOTAL,PL,2012,227173,
ESTAT:SBS_SC_CON_R2(1.0),15/03/2023 23:00,A,F41,V16130,TOTAL,PL,2013,194098,
ESTAT:SBS_SC_CON_R2(1.0),15/03/2023 23:00,A,F41,V16130,TOTAL,PL,2014,193616,
ESTAT:SBS_SC_CON_R2(1.0),15/03/2023 23:00,A,F41,V16130,TOTAL,PL,2015,199362,
ESTAT:SBS_SC_CON_R2(1.0),15/03/2023 23:00,A,F41,V16130,TOTAL,PL,2016,207282,
ESTAT:SBS_SC_CON_R2(1.0),15/03/2023 23:00,A,F41,V16130,TOTAL,PL,2017,209185,
ESTAT:SBS_SC_CON_R2(1.0),15/03/2023 23:00,A,F41,V16130,TOTAL,PL,2018,251708,b
ESTAT:SBS_SC_CON_R2(1.0),15/03/2023 23:00,A,F41,V16130,TOTAL,PL,2019,256587,
ESTAT:SBS_SC_CON_R2(1.0),15/03/2023 23:00,A,F41,V16130,TOTAL,PL,2020,257386,
ESTAT:SBS_SC_CON_R2(1.0),15/03/2023 23:00,A,F41,V16130,TOTAL,PT,2011,163453,
ESTAT:SBS_SC_CON_R2(1.0),15/03/2023 23:00,A,F41,V16130,TOTAL,PT,2012,131941,
ESTAT:SBS_SC_CON_R2(1.0),15/03/2023 23:00,A,F41,V16130,TOTAL,PT,2013,116693,
ESTAT:SBS_SC_CON_R2(1.0),15/03/2023 23:00,A,F41,V16130,TOTAL,PT,2014,113847,
ESTAT:SBS_SC_CON_R2(1.0),15/03/2023 23:00,A,F41,V16130,TOTAL,PT,2015,115795,
ESTAT:SBS_SC_CON_R2(1.0),15/03/2023 23:00,A,F41,V16130,TOTAL,PT,2016,119673,
ESTAT:SBS_SC_CON_R2(1.0),15/03/2023 23:00,A,F41,V16130,TOTAL,PT,2017,125299,
ESTAT:SBS_SC_CON_R2(1.0),15/03/2023 23:00,A,F41,V16130,TOTAL,PT,2018,133304,
ESTAT:SBS_SC_CON_R2(1.0),15/03/2023 23:00,A,F41,V16130,TOTAL,PT,2019,146251,
ESTAT:SBS_SC_CON_R2(1.0),15/03/2023 23:00,A,F41,V16130,TOTAL,PT,2020,151937,
ESTAT:SBS_SC_CON_R2(1.0),15/03/2023 23:00,A,F41,V16130,TOTAL,RO,2011,190611,p
ESTAT:SBS_SC_CON_R2(1.0),15/03/2023 23:00,A,F41,V16130,TOTAL,RO,2012,183138,
ESTAT:SBS_SC_CON_R2(1.0),15/03/2023 23:00,A,F41,V16130,TOTAL,RO,2013,167337,
ESTAT:SBS_SC_CON_R2(1.0),15/03/2023 23:00,A,F41,V16130,TOTAL,RO,2014,163953,
ESTAT:SBS_SC_CON_R2(1.0),15/03/2023 23:00,A,F41,V16130,TOTAL,RO,2015,170374,
ESTAT:SBS_SC_CON_R2(1.0),15/03/2023 23:00,A,F41,V16130,TOTAL,RO,2016,168836,
ESTAT:SBS_SC_CON_R2(1.0),15/03/2023 23:00,A,F41,V16130,TOTAL,RO,2017,167861,
ESTAT:SBS_SC_CON_R2(1.0),15/03/2023 23:00,A,F41,V16130,TOTAL,RO,2018,174293,b
ESTAT:SBS_SC_CON_R2(1.0),15/03/2023 23:00,A,F41,V16130,TOTAL,RO,2019,199257,
ESTAT:SBS_SC_CON_R2(1.0),15/03/2023 23:00,A,F41,V16130,TOTAL,RO,2020,218436,
ESTAT:SBS_SC_CON_R2(1.0),15/03/2023 23:00,A,F41,V16130,TOTAL,RS,2016,18525,p
ESTAT:SBS_SC_CON_R2(1.0),15/03/2023 23:00,A,F41,V16130,TOTAL,RS,2017,19885,p
ESTAT:SBS_SC_CON_R2(1.0),15/03/2023 23:00,A,F41,V16130,TOTAL,RS,2018,21644,
ESTAT:SBS_SC_CON_R2(1.0),15/03/2023 23:00,A,F41,V16130,TOTAL,RS,2019,24016,
ESTAT:SBS_SC_CON_R2(1.0),15/03/2023 23:00,A,F41,V16130,TOTAL,RS,2020,25529,
ESTAT:SBS_SC_CON_R2(1.0),15/03/2023 23:00,A,F41,V16130,TOTAL,SE,2011,80996,
ESTAT:SBS_SC_CON_R2(1.0),15/03/2023 23:00,A,F41,V16130,TOTAL,SE,2012,80258,
ESTAT:SBS_SC_CON_R2(1.0),15/03/2023 23:00,A,F41,V16130,TOTAL,SE,2013,78776,
ESTAT:SBS_SC_CON_R2(1.0),15/03/2023 23:00,A,F41,V16130,TOTAL,SE,2014,79771,
ESTAT:SBS_SC_CON_R2(1.0),15/03/2023 23:00,A,F41,V16130,TOTAL,SE,2015,83601,
ESTAT:SBS_SC_CON_R2(1.0),15/03/2023 23:00,A,F41,V16130,TOTAL,SE,2016,88579,
ESTAT:SBS_SC_CON_R2(1.0),15/03/2023 23:00,A,F41,V16130,TOTAL,SE,2017,95880,
ESTAT:SBS_SC_CON_R2(1.0),15/03/2023 23:00,A,F41,V16130,TOTAL,SE,2018,105324,b
ESTAT:SBS_SC_CON_R2(1.0),15/03/2023 23:00,A,F41,V16130,TOTAL,SE,2019,102988,
ESTAT:SBS_SC_CON_R2(1.0),15/03/2023 23:00,A,F41,V16130,TOTAL,SE,2020,95326,
ESTAT:SBS_SC_CON_R2(1.0),15/03/2023 23:00,A,F41,V16130,TOTAL,SI,2011,17919,
ESTAT:SBS_SC_CON_R2(1.0),15/03/2023 23:00,A,F41,V16130,TOTAL,SI,2012,15227,
ESTAT:SBS_SC_CON_R2(1.0),15/03/2023 23:00,A,F41,V16130,TOTAL,SI,2013,13323,
ESTAT:SBS_SC_CON_R2(1.0),15/03/2023 23:00,A,F41,V16130,TOTAL,SI,2014,12433,
ESTAT:SBS_SC_CON_R2(1.0),15/03/2023 23:00,A,F41,V16130,TOTAL,SI,2015,12546,
ESTAT:SBS_SC_CON_R2(1.0),15/03/2023 23:00,A,F41,V16130,TOTAL,SI,2016,12255,
ESTAT:SBS_SC_CON_R2(1.0),15/03/2023 23:00,A,F41,V16130,TOTAL,SI,2017,12608,
ESTAT:SBS_SC_CON_R2(1.0),15/03/2023 23:00,A,F41,V16130,TOTAL,SI,2018,13927,
ESTAT:SBS_SC_CON_R2(1.0),15/03/2023 23:00,A,F41,V16130,TOTAL,SI,2019,15246,
ESTAT:SBS_SC_CON_R2(1.0),15/03/2023 23:00,A,F41,V16130,TOTAL,SI,2020,15027,
ESTAT:SBS_SC_CON_R2(1.0),15/03/2023 23:00,A,F41,V16130,TOTAL,SK,2011,26970,
ESTAT:SBS_SC_CON_R2(1.0),15/03/2023 23:00,A,F41,V16130,TOTAL,SK,2012,23940,
ESTAT:SBS_SC_CON_R2(1.0),15/03/2023 23:00,A,F41,V16130,TOTAL,SK,2013,21824,
ESTAT:SBS_SC_CON_R2(1.0),15/03/2023 23:00,A,F41,V16130,TOTAL,SK,2014,24428,
ESTAT:SBS_SC_CON_R2(1.0),15/03/2023 23:00,A,F41,V16130,TOTAL,SK,2015,25936,
ESTAT:SBS_SC_CON_R2(1.0),15/03/2023 23:00,A,F41,V16130,TOTAL,SK,2016,22841,
ESTAT:SBS_SC_CON_R2(1.0),15/03/2023 23:00,A,F41,V16130,TOTAL,SK,2017,25400,
ESTAT:SBS_SC_CON_R2(1.0),15/03/2023 23:00,A,F41,V16130,TOTAL,SK,2018,25710,
ESTAT:SBS_SC_CON_R2(1.0),15/03/2023 23:00,A,F41,V16130,TOTAL,SK,2019,25724,
ESTAT:SBS_SC_CON_R2(1.0),15/03/2023 23:00,A,F41,V16130,TOTAL,SK,2020,23404,
ESTAT:SBS_SC_CON_R2(1.0),15/03/2023 23:00,A,F41,V16130,TOTAL,UK,2011,365938,
ESTAT:SBS_SC_CON_R2(1.0),15/03/2023 23:00,A,F41,V16130,TOTAL,UK,2012,348265,
ESTAT:SBS_SC_CON_R2(1.0),15/03/2023 23:00,A,F41,V16130,TOTAL,UK,2013,343512,
ESTAT:SBS_SC_CON_R2(1.0),15/03/2023 23:00,A,F41,V16130,TOTAL,UK,2014,379372,
ESTAT:SBS_SC_CON_R2(1.0),15/03/2023 23:00,A,F41,V16130,TOTAL,UK,2015,368436,
ESTAT:SBS_SC_CON_R2(1.0),15/03/2023 23:00,A,F41,V16130,TOTAL,UK,2016,372410,b
ESTAT:SBS_SC_CON_R2(1.0),15/03/2023 23:00,A,F41,V16130,TOTAL,UK,2017,423960,
ESTAT:SBS_SC_CON_R2(1.0),15/03/2023 23:00,A,F41,V16130,TOTAL,UK,2018,427841,
ESTAT:SBS_SC_CON_R2(1.0),15/03/2023 23:00,A,F42,V16130,TOTAL,AL,2019,13202,
ESTAT:SBS_SC_CON_R2(1.0),15/03/2023 23:00,A,F42,V16130,TOTAL,AL,2020,12842,
ESTAT:SBS_SC_CON_R2(1.0),15/03/2023 23:00,A,F42,V16130,TOTAL,AT,2011,37159,
ESTAT:SBS_SC_CON_R2(1.0),15/03/2023 23:00,A,F42,V16130,TOTAL,AT,2012,36572,
ESTAT:SBS_SC_CON_R2(1.0),15/03/2023 23:00,A,F42,V16130,TOTAL,AT,2013,34438,
ESTAT:SBS_SC_CON_R2(1.0),15/03/2023 23:00,A,F42,V16130,TOTAL,AT,2014,33188,
ESTAT:SBS_SC_CON_R2(1.0),15/03/2023 23:00,A,F42,V16130,TOTAL,AT,2015,31427,
ESTAT:SBS_SC_CON_R2(1.0),15/03/2023 23:00,A,F42,V16130,TOTAL,AT,2016,28890,
ESTAT:SBS_SC_CON_R2(1.0),15/03/2023 23:00,A,F42,V16130,TOTAL,AT,2017,29539,
ESTAT:SBS_SC_CON_R2(1.0),15/03/2023 23:00,A,F42,V16130,TOTAL,AT,2018,33030,b
ESTAT:SBS_SC_CON_R2(1.0),15/03/2023 23:00,A,F42,V16130,TOTAL,AT,2019,35168,
ESTAT:SBS_SC_CON_R2(1.0),15/03/2023 23:00,A,F42,V16130,TOTAL,AT,2020,35952,
ESTAT:SBS_SC_CON_R2(1.0),15/03/2023 23:00,A,F42,V16130,TOTAL,BA,2011,11597,p
ESTAT:SBS_SC_CON_R2(1.0),15/03/2023 23:00,A,F42,V16130,TOTAL,BA,2012,12502,p
ESTAT:SBS_SC_CON_R2(1.0),15/03/2023 23:00,A,F42,V16130,TOTAL,BA,2013,11363,p
ESTAT:SBS_SC_CON_R2(1.0),15/03/2023 23:00,A,F42,V16130,TOTAL,BA,2014,12031,e
ESTAT:SBS_SC_CON_R2(1.0),15/03/2023 23:00,A,F42,V16130,TOTAL,BA,2015,11095,e
ESTAT:SBS_SC_CON_R2(1.0),15/03/2023 23:00,A,F42,V16130,TOTAL,BA,2016,10474,e
ESTAT:SBS_SC_CON_R2(1.0),15/03/2023 23:00,A,F42,V16130,TOTAL,BA,2017,10588,b
ESTAT:SBS_SC_CON_R2(1.0),15/03/2023 23:00,A,F42,V16130,TOTAL,BA,2018,10975,
ESTAT:SBS_SC_CON_R2(1.0),15/03/2023 23:00,A,F42,V16130,TOTAL,BA,2019,11880,
ESTAT:SBS_SC_CON_R2(1.0),15/03/2023 23:00,A,F42,V16130,TOTAL,BA,2020,12304,
ESTAT:SBS_SC_CON_R2(1.0),15/03/2023 23:00,A,F42,V16130,TOTAL,BE,2011,27909,
ESTAT:SBS_SC_CON_R2(1.0),15/03/2023 23:00,A,F42,V16130,TOTAL,BE,2012,29524,
ESTAT:SBS_SC_CON_R2(1.0),15/03/2023 23:00,A,F42,V16130,TOTAL,BE,2013,27780,
ESTAT:SBS_SC_CON_R2(1.0),15/03/2023 23:00,A,F42,V16130,TOTAL,BE,2014,28317,
ESTAT:SBS_SC_CON_R2(1.0),15/03/2023 23:00,A,F42,V16130,TOTAL,BE,2015,27323,
ESTAT:SBS_SC_CON_R2(1.0),15/03/2023 23:00,A,F42,V16130,TOTAL,BE,2016,26421,
ESTAT:SBS_SC_CON_R2(1.0),15/03/2023 23:00,A,F42,V16130,TOTAL,BE,2017,32093,
ESTAT:SBS_SC_CON_R2(1.0),15/03/2023 23:00,A,F42,V16130,TOTAL,BE,2018,33784,b
ESTAT:SBS_SC_CON_R2(1.0),15/03/2023 23:00,A,F42,V16130,TOTAL,BE,2019,36444,
ESTAT:SBS_SC_CON_R2(1.0),15/03/2023 23:00,A,F42,V16130,TOTAL,BE,2020,33673,
ESTAT:SBS_SC_CON_R2(1.0),15/03/2023 23:00,A,F42,V16130,TOTAL,BG,2011,41424,
ESTAT:SBS_SC_CON_R2(1.0),15/03/2023 23:00,A,F42,V16130,TOTAL,BG,2012,39725,
ESTAT:SBS_SC_CON_R2(1.0),15/03/2023 23:00,A,F42,V16130,TOTAL,BG,2013,38998,
ESTAT:SBS_SC_CON_R2(1.0),15/03/2023 23:00,A,F42,V16130,TOTAL,BG,2014,41377,
ESTAT:SBS_SC_CON_R2(1.0),15/03/2023 23:00,A,F42,V16130,TOTAL,BG,2015,42214,
ESTAT:SBS_SC_CON_R2(1.0),15/03/2023 23:00,A,F42,V16130,TOTAL,BG,2016,36134,
ESTAT:SBS_SC_CON_R2(1.0),15/03/2023 23:00,A,F42,V16130,TOTAL,BG,2017,33559,
ESTAT:SBS_SC_CON_R2(1.0),15/03/2023 23:00,A,F42,V16130,TOTAL,BG,2018,34260,b
ESTAT:SBS_SC_CON_R2(1.0),15/03/2023 23:00,A,F42,V16130,TOTAL,BG,2019,36112,
ESTAT:SBS_SC_CON_R2(1.0),15/03/2023 23:00,A,F42,V16130,TOTAL,BG,2020,35722,
ESTAT:SBS_SC_CON_R2(1.0),15/03/2023 23:00,A,F42,V16130,TOTAL,CY,2011,2468,
ESTAT:SBS_SC_CON_R2(1.0),15/03/2023 23:00,A,F42,V16130,TOTAL,CY,2012,2085,
ESTAT:SBS_SC_CON_R2(1.0),15/03/2023 23:00,A,F42,V16130,TOTAL,CY,2013,1572,
ESTAT:SBS_SC_CON_R2(1.0),15/03/2023 23:00,A,F42,V16130,TOTAL,CY,2014,1301,
ESTAT:SBS_SC_CON_R2(1.0),15/03/2023 23:00,A,F42,V16130,TOTAL,CY,2015,1068,
ESTAT:SBS_SC_CON_R2(1.0),15/03/2023 23:00,A,F42,V16130,TOTAL,CY,2016,1213,
ESTAT:SBS_SC_CON_R2(1.0),15/03/2023 23:00,A,F42,V16130,TOTAL,CY,2017,1264,
ESTAT:SBS_SC_CON_R2(1.0),15/03/2023 23:00,A,F42,V16130,TOTAL,CY,2018,1222,
ESTAT:SBS_SC_CON_R2(1.0),15/03/2023 23:00,A,F42,V16130,TOTAL,CY,2019,1337,
ESTAT:SBS_SC_CON_R2(1.0),15/03/2023 23:00,A,F42,V16130,TOTAL,CY,2020,1330,
ESTAT:SBS_SC_CON_R2(1.0),15/03/2023 23:00,A,F42,V16130,TOTAL,CZ,2011,62330,
ESTAT:SBS_SC_CON_R2(1.0),15/03/2023 23:00,A,F42,V16130,TOTAL,CZ,2012,60876,
ESTAT:SBS_SC_CON_R2(1.0),15/03/2023 23:00,A,F42,V16130,TOTAL,CZ,2013,57783,
ESTAT:SBS_SC_CON_R2(1.0),15/03/2023 23:00,A,F42,V16130,TOTAL,CZ,2014,56507,
ESTAT:SBS_SC_CON_R2(1.0),15/03/2023 23:00,A,F42,V16130,TOTAL,CZ,2015,56758,
ESTAT:SBS_SC_CON_R2(1.0),15/03/2023 23:00,A,F42,V16130,TOTAL,CZ,2016,56259,
ESTAT:SBS_SC_CON_R2(1.0),15/03/2023 23:00,A,F42,V16130,TOTAL,CZ,2017,54984,
ESTAT:SBS_SC_CON_R2(1.0),15/03/2023 23:00,A,F42,V16130,TOTAL,CZ,2018,54838,
ESTAT:SBS_SC_CON_R2(1.0),15/03/2023 23:00,A,F42,V16130,TOTAL,CZ,2019,54953,
ESTAT:SBS_SC_CON_R2(1.0),15/03/2023 23:00,A,F42,V16130,TOTAL,CZ,2020,56705,
ESTAT:SBS_SC_CON_R2(1.0),15/03/2023 23:00,A,F42,V16130,TOTAL,DE,2011,188539,
ESTAT:SBS_SC_CON_R2(1.0),15/03/2023 23:00,A,F42,V16130,TOTAL,DE,2012,193758,
ESTAT:SBS_SC_CON_R2(1.0),15/03/2023 23:00,A,F42,V16130,TOTAL,DE,2013,195356,
ESTAT:SBS_SC_CON_R2(1.0),15/03/2023 23:00,A,F42,V16130,TOTAL,DE,2014,198895,
ESTAT:SBS_SC_CON_R2(1.0),15/03/2023 23:00,A,F42,V16130,TOTAL,DE,2015,197962,
ESTAT:SBS_SC_CON_R2(1.0),15/03/2023 23:00,A,F42,V16130,TOTAL,DE,2016,213045,
ESTAT:SBS_SC_CON_R2(1.0),15/03/2023 23:00,A,F42,V16130,TOTAL,DE,2017,228289,
ESTAT:SBS_SC_CON_R2(1.0),15/03/2023 23:00,A,F42,V16130,TOTAL,DE,2018,251108,b
ESTAT:SBS_SC_CON_R2(1.0),15/03/2023 23:00,A,F42,V16130,TOTAL,DE,2019,261386,
ESTAT:SBS_SC_CON_R2(1.0),15/03/2023 23:00,A,F42,V16130,TOTAL,DE,2020,271064,
ESTAT:SBS_SC_CON_R2(1.0),15/03/2023 23:00,A,F42,V16130,TOTAL,DK,2011,14763,
ESTAT:SBS_SC_CON_R2(1.0),15/03/2023 23:00,A,F42,V16130,TOTAL,DK,2012,15859,
ESTAT:SBS_SC_CON_R2(1.0),15/03/2023 23:00,A,F42,V16130,TOTAL,DK,2013,16628,
ESTAT:SBS_SC_CON_R2(1.0),15/03/2023 23:00,A,F42,V16130,TOTAL,DK,2014,17671,
ESTAT:SBS_SC_CON_R2(1.0),15/03/2023 23:00,A,F42,V16130,TOTAL,DK,2015,18311,
ESTAT:SBS_SC_CON_R2(1.0),15/03/2023 23:00,A,F42,V16130,TOTAL,DK,2016,15597,b
ESTAT:SBS_SC_CON_R2(1.0),15/03/2023 23:00,A,F42,V16130,TOTAL,DK,2017,16003,
ESTAT:SBS_SC_CON_R2(1.0),15/03/2023 23:00,A,F42,V16130,TOTAL,DK,2018,16347,
ESTAT:SBS_SC_CON_R2(1.0),15/03/2023 23:00,A,F42,V16130,TOTAL,DK,2019,16852,
ESTAT:SBS_SC_CON_R2(1.0),15/03/2023 23:00,A,F42,V16130,TOTAL,DK,2020,14757,
ESTAT:SBS_SC_CON_R2(1.0),15/03/2023 23:00,A,F42,V16130,TOTAL,EE,2011,8653,
ESTAT:SBS_SC_CON_R2(1.0),15/03/2023 23:00,A,F42,V16130,TOTAL,EE,2012,9002,
ESTAT:SBS_SC_CON_R2(1.0),15/03/2023 23:00,A,F42,V16130,TOTAL,EE,2013,9583,
ESTAT:SBS_SC_CON_R2(1.0),15/03/2023 23:00,A,F42,V16130,TOTAL,EE,2014,9019,
ESTAT:SBS_SC_CON_R2(1.0),15/03/2023 23:00,A,F42,V16130,TOTAL,EE,2015,8419,
ESTAT:SBS_SC_CON_R2(1.0),15/03/2023 23:00,A,F42,V16130,TOTAL,EE,2016,8070,
ESTAT:SBS_SC_CON_R2(1.0),15/03/2023 23:00,A,F42,V16130,TOTAL,EE,2017,8108,
ESTAT:SBS_SC_CON_R2(1.0),15/03/2023 23:00,A,F42,V16130,TOTAL,EE,2018,8243,b
ESTAT:SBS_SC_CON_R2(1.0),15/03/2023 23:00,A,F42,V16130,TOTAL,EE,2019,8186,
ESTAT:SBS_SC_CON_R2(1.0),15/03/2023 23:00,A,F42,V16130,TOTAL,EE,2020,8457,
ESTAT:SBS_SC_CON_R2(1.0),15/03/2023 23:00,A,F42,V16130,TOTAL,EL,2011,20011,
ESTAT:SBS_SC_CON_R2(1.0),15/03/2023 23:00,A,F42,V16130,TOTAL,EL,2012,24915,
ESTAT:SBS_SC_CON_R2(1.0),15/03/2023 23:00,A,F42,V16130,TOTAL,EL,2013,25485,
ESTAT:SBS_SC_CON_R2(1.0),15/03/2023 23:00,A,F42,V16130,TOTAL,EL,2014,23011,
ESTAT:SBS_SC_CON_R2(1.0),15/03/2023 23:00,A,F42,V16130,TOTAL,EL,2015,23811,
ESTAT:SBS_SC_CON_R2(1.0),15/03/2023 23:00,A,F42,V16130,TOTAL,EL,2016,22599,
ESTAT:SBS_SC_CON_R2(1.0),15/03/2023 23:00,A,F42,V16130,TOTAL,EL,2017,20960,
ESTAT:SBS_SC_CON_R2(1.0),15/03/2023 23:00,A,F42,V16130,TOTAL,EL,2018,25582,b
ESTAT:SBS_SC_CON_R2(1.0),15/03/2023 23:00,A,F42,V16130,TOTAL,EL,2019,21384,
ESTAT:SBS_SC_CON_R2(1.0),15/03/2023 23:00,A,F42,V16130,TOTAL,EL,2020,20110,
ESTAT:SBS_SC_CON_R2(1.0),15/03/2023 23:00,A,F42,V16130,TOTAL,ES,2011,115646,
ESTAT:SBS_SC_CON_R2(1.0),15/03/2023 23:00,A,F42,V16130,TOTAL,ES,2012,91649,
ESTAT:SBS_SC_CON_R2(1.0),15/03/2023 23:00,A,F42,V16130,TOTAL,ES,2013,86531,
ESTAT:SBS_SC_CON_R2(1.0),15/03/2023 23:00,A,F42,V16130,TOTAL,ES,2014,82305,
ESTAT:SBS_SC_CON_R2(1.0),15/03/2023 23:00,A,F42,V16130,TOTAL,ES,2015,109923,
ESTAT:SBS_SC_CON_R2(1.0),15/03/2023 23:00,A,F42,V16130,TOTAL,ES,2016,95110,
ESTAT:SBS_SC_CON_R2(1.0),15/03/2023 23:00,A,F42,V16130,TOTAL,ES,2017,102128,
ESTAT:SBS_SC_CON_R2(1.0),15/03/2023 23:00,A,F42,V16130,TOTAL,ES,2018,103222,b
ESTAT:SBS_SC_CON_R2(1.0),15/03/2023 23:00,A,F42,V16130,TOTAL,ES,2019,112173,
ESTAT:SBS_SC_CON_R2(1.0),15/03/2023 23:00,A,F42,V16130,TOTAL,ES,2020,103776,
ESTAT:SBS_SC_CON_R2(1.0),15/03/2023 23:00,A,F42,V16130,TOTAL,FI,2011,18738,
ESTAT:SBS_SC_CON_R2(1.0),15/03/2023 23:00,A,F42,V16130,TOTAL,FI,2012,18789,
ESTAT:SBS_SC_CON_R2(1.0),15/03/2023 23:00,A,F42,V16130,TOTAL,FI,2013,19078,b
ESTAT:SBS_SC_CON_R2(1.0),15/03/2023 23:00,A,F42,V16130,TOTAL,FI,2014,18779,
ESTAT:SBS_SC_CON_R2(1.0),15/03/2023 23:00,A,F42,V16130,TOTAL,FI,2015,18468,
ESTAT:SBS_SC_CON_R2(1.0),15/03/2023 23:00,A,F42,V16130,TOTAL,FI,2016,18332,
ESTAT:SBS_SC_CON_R2(1.0),15/03/2023 23:00,A,F42,V16130,TOTAL,FI,2017,19172,b
ESTAT:SBS_SC_CON_R2(1.0),15/03/2023 23:00,A,F42,V16130,TOTAL,FI,2018,17905,
ESTAT:SBS_SC_CON_R2(1.0),15/03/2023 23:00,A,F42,V16130,TOTAL,FI,2019,16588,
ESTAT:SBS_SC_CON_R2(1.0),15/03/2023 23:00,A,F42,V16130,TOTAL,FI,2020,18106,
ESTAT:SBS_SC_CON_R2(1.0),15/03/2023 23:00,A,F42,V16130,TOTAL,FR,2011,180388,
ESTAT:SBS_SC_CON_R2(1.0),15/03/2023 23:00,A,F42,V16130,TOTAL,FR,2012,183336,
ESTAT:SBS_SC_CON_R2(1.0),15/03/2023 23:00,A,F42,V16130,TOTAL,FR,2013,169712,
ESTAT:SBS_SC_CON_R2(1.0),15/03/2023 23:00,A,F42,V16130,TOTAL,FR,2014,228329,b
ESTAT:SBS_SC_CON_R2(1.0),15/03/2023 23:00,A,F42,V16130,TOTAL,FR,2015,176966,b
ESTAT:SBS_SC_CON_R2(1.0),15/03/2023 23:00,A,F42,V16130,TOTAL,FR,2016,164312,be
ESTAT:SBS_SC_CON_R2(1.0),15/03/2023 23:00,A,F42,V16130,TOTAL,FR,2017,203598,be
ESTAT:SBS_SC_CON_R2(1.0),15/03/2023 23:00,A,F42,V16130,TOTAL,FR,2018,196544,
ESTAT:SBS_SC_CON_R2(1.0),15/03/2023 23:00,A,F42,V16130,TOTAL,FR,2019,170246,
ESTAT:SBS_SC_CON_R2(1.0),15/03/2023 23:00,A,F42,V16130,TOTAL,FR,2020,243751,
ESTAT:SBS_SC_CON_R2(1.0),15/03/2023 23:00,A,F42,V16130,TOTAL,HR,2011,29220,
ESTAT:SBS_SC_CON_R2(1.0),15/03/2023 23:00,A,F42,V16130,TOTAL,HR,2012,27764,
ESTAT:SBS_SC_CON_R2(1.0),15/03/2023 23:00,A,F42,V16130,TOTAL,HR,2013,27636,
ESTAT:SBS_SC_CON_R2(1.0),15/03/2023 23:00,A,F42,V16130,TOTAL,HR,2014,24655,
ESTAT:SBS_SC_CON_R2(1.0),15/03/2023 23:00,A,F42,V16130,TOTAL,HR,2015,23321,
ESTAT:SBS_SC_CON_R2(1.0),15/03/2023 23:00,A,F42,V16130,TOTAL,HR,2016,22208,
ESTAT:SBS_SC_CON_R2(1.0),15/03/2023 23:00,A,F42,V16130,TOTAL,HR,2017,21922,
ESTAT:SBS_SC_CON_R2(1.0),15/03/2023 23:00,A,F42,V16130,TOTAL,HR,2018,20920,
ESTAT:SBS_SC_CON_R2(1.0),15/03/2023 23:00,A,F42,V16130,TOTAL,HR,2019,20309,b
ESTAT:SBS_SC_CON_R2(1.0),15/03/2023 23:00,A,F42,V16130,TOTAL,HR,2020,21688,
ESTAT:SBS_SC_CON_R2(1.0),15/03/2023 23:00,A,F42,V16130,TOTAL,HU,2011,36857,
ESTAT:SBS_SC_CON_R2(1.0),15/03/2023 23:00,A,F42,V16130,TOTAL,HU,2012,36766,
ESTAT:SBS_SC_CON_R2(1.0),15/03/2023 23:00,A,F42,V16130,TOTAL,HU,2013,34119,
ESTAT:SBS_SC_CON_R2(1.0),15/03/2023 23:00,A,F42,V16130,TOTAL,HU,2014,36364,
ESTAT:SBS_SC_CON_R2(1.0),15/03/2023 23:00,A,F42,V16130,TOTAL,HU,2015,36637,
ESTAT:SBS_SC_CON_R2(1.0),15/03/2023 23:00,A,F42,V16130,TOTAL,HU,2016,34285,
ESTAT:SBS_SC_CON_R2(1.0),15/03/2023 23:00,A,F42,V16130,TOTAL,HU,2017,34979,
ESTAT:SBS_SC_CON_R2(1.0),15/03/2023 23:00,A,F42,V16130,TOTAL,HU,2018,37578,b
ESTAT:SBS_SC_CON_R2(1.0),15/03/2023 23:00,A,F42,V16130,TOTAL,HU,2019,39066,
ESTAT:SBS_SC_CON_R2(1.0),15/03/2023 23:00,A,F42,V16130,TOTAL,HU,2020,38570,
ESTAT:SBS_SC_CON_R2(1.0),15/03/2023 23:00,A,F42,V16130,TOTAL,IE,2011,5749,
ESTAT:SBS_SC_CON_R2(1.0),15/03/2023 23:00,A,F42,V16130,TOTAL,IE,2012,5429,
ESTAT:SBS_SC_CON_R2(1.0),15/03/2023 23:00,A,F42,V16130,TOTAL,IE,2013,5559,
ESTAT:SBS_SC_CON_R2(1.0),15/03/2023 23:00,A,F42,V16130,TOTAL,IE,2014,6287,
ESTAT:SBS_SC_CON_R2(1.0),15/03/2023 23:00,A,F42,V16130,TOTAL,IE,2015,6756,
ESTAT:SBS_SC_CON_R2(1.0),15/03/2023 23:00,A,F42,V16130,TOTAL,IE,2016,7661,
ESTAT:SBS_SC_CON_R2(1.0),15/03/2023 23:00,A,F42,V16130,TOTAL,IE,2017,8614,
ESTAT:SBS_SC_CON_R2(1.0),15/03/2023 23:00,A,F42,V16130,TOTAL,IE,2018,8772,
ESTAT:SBS_SC_CON_R2(1.0),15/03/2023 23:00,A,F42,V16130,TOTAL,IE,2019,9950,
ESTAT:SBS_SC_CON_R2(1.0),15/03/2023 23:00,A,F42,V16130,TOTAL,IE,2020,10077,
ESTAT:SBS_SC_CON_R2(1.0),15/03/2023 23:00,A,F42,V16130,TOTAL,IS,2015,490,p
ESTAT:SBS_SC_CON_R2(1.0),15/03/2023 23:00,A,F42,V16130,TOTAL,IS,2016,576,p
ESTAT:SBS_SC_CON_R2(1.0),15/03/2023 23:00,A,F42,V16130,TOTAL,IS,2017,588,p
ESTAT:SBS_SC_CON_R2(1.0),15/03/2023 23:00,A,F42,V16130,TOTAL,IS,2018,648,
ESTAT:SBS_SC_CON_R2(1.0),15/03/2023 23:00,A,F42,V16130,TOTAL,IS,2019,595,p
ESTAT:SBS_SC_CON_R2(1.0),15/03/2023 23:00,A,F42,V16130,TOTAL,IS,2020,564,p
ESTAT:SBS_SC_CON_R2(1.0),15/03/2023 23:00,A,F42,V16130,TOTAL,IT,2011,94246,
ESTAT:SBS_SC_CON_R2(1.0),15/03/2023 23:00,A,F42,V16130,TOTAL,IT,2012,87941,
ESTAT:SBS_SC_CON_R2(1.0),15/03/2023 23:00,A,F42,V16130,TOTAL,IT,2013,82304,
ESTAT:SBS_SC_CON_R2(1.0),15/03/2023 23:00,A,F42,V16130,TOTAL,IT,2014,78800,
ESTAT:SBS_SC_CON_R2(1.0),15/03/2023 23:00,A,F42,V16130,TOTAL,IT,2015,84895,
ESTAT:SBS_SC_CON_R2(1.0),15/03/2023 23:00,A,F42,V16130,TOTAL,IT,2016,86923,
ESTAT:SBS_SC_CON_R2(1.0),15/03/2023 23:00,A,F42,V16130,TOTAL,IT,2017,84563,b
ESTAT:SBS_SC_CON_R2(1.0),15/03/2023 23:00,A,F42,V16130,TOTAL,IT,2018,85479,
ESTAT:SBS_SC_CON_R2(1.0),15/03/2023 23:00,A,F42,V16130,TOTAL,IT,2019,86718,
ESTAT:SBS_SC_CON_R2(1.0),15/03/2023 23:00,A,F42,V16130,TOTAL,IT,2020,90259,
ESTAT:SBS_SC_CON_R2(1.0),15/03/2023 23:00,A,F42,V16130,TOTAL,LT,2011,16472,
ESTAT:SBS_SC_CON_R2(1.0),15/03/2023 23:00,A,F42,V16130,TOTAL,LT,2012,16093,
ESTAT:SBS_SC_CON_R2(1.0),15/03/2023 23:00,A,F42,V16130,TOTAL,LT,2013,16205,
ESTAT:SBS_SC_CON_R2(1.0),15/03/2023 23:00,A,F42,V16130,TOTAL,LT,2014,17472,
ESTAT:SBS_SC_CON_R2(1.0),15/03/2023 23:00,A,F42,V16130,TOTAL,LT,2015,17269,
ESTAT:SBS_SC_CON_R2(1.0),15/03/2023 23:00,A,F42,V16130,TOTAL,LT,2016,17050,
ESTAT:SBS_SC_CON_R2(1.0),15/03/2023 23:00,A,F42,V16130,TOTAL,LT,2017,18471,
ESTAT:SBS_SC_CON_R2(1.0),15/03/2023 23:00,A,F42,V16130,TOTAL,LT,2018,17965,b
ESTAT:SBS_SC_CON_R2(1.0),15/03/2023 23:00,A,F42,V16130,TOTAL,LT,2019,17815,
ESTAT:SBS_SC_CON_R2(1.0),15/03/2023 23:00,A,F42,V16130,TOTAL,LT,2020,17400,
ESTAT:SBS_SC_CON_R2(1.0),15/03/2023 23:00,A,F42,V16130,TOTAL,LU,2011,4534,
ESTAT:SBS_SC_CON_R2(1.0),15/03/2023 23:00,A,F42,V16130,TOTAL,LU,2012,4505,
ESTAT:SBS_SC_CON_R2(1.0),15/03/2023 23:00,A,F42,V16130,TOTAL,LU,2013,4463,
ESTAT:SBS_SC_CON_R2(1.0),15/03/2023 23:00,A,F42,V16130,TOTAL,LU,2014,4532,
ESTAT:SBS_SC_CON_R2(1.0),15/03/2023 23:00,A,F42,V16130,TOTAL,LU,2015,4575,
ESTAT:SBS_SC_CON_R2(1.0),15/03/2023 23:00,A,F42,V16130,TOTAL,LU,2016,4658,
ESTAT:SBS_SC_CON_R2(1.0),15/03/2023 23:00,A,F42,V16130,TOTAL,LU,2017,4689,
ESTAT:SBS_SC_CON_R2(1.0),15/03/2023 23:00,A,F42,V16130,TOTAL,LU,2018,4705,
ESTAT:SBS_SC_CON_R2(1.0),15/03/2023 23:00,A,F42,V16130,TOTAL,LU,2019,4837,
ESTAT:SBS_SC_CON_R2(1.0),15/03/2023 23:00,A,F42,V16130,TOTAL,LU,2020,4893,
ESTAT:SBS_SC_CON_R2(1.0),15/03/2023 23:00,A,F42,V16130,TOTAL,LV,2011,12716,
ESTAT:SBS_SC_CON_R2(1.0),15/03/2023 23:00,A,F42,V16130,TOTAL,LV,2012,13894,
ESTAT:SBS_SC_CON_R2(1.0),15/03/2023 23:00,A,F42,V16130,TOTAL,LV,2013,14515,
ESTAT:SBS_SC_CON_R2(1.0),15/03/2023 23:00,A,F42,V16130,TOTAL,LV,2014,14867,
ESTAT:SBS_SC_CON_R2(1.0),15/03/2023 23:00,A,F42,V16130,TOTAL,LV,2015,15213,
ESTAT:SBS_SC_CON_R2(1.0),15/03/2023 23:00,A,F42,V16130,TOTAL,LV,2016,13583,
ESTAT:SBS_SC_CON_R2(1.0),15/03/2023 23:00,A,F42,V16130,TOTAL,LV,2017,14135,
ESTAT:SBS_SC_CON_R2(1.0),15/03/2023 23:00,A,F42,V16130,TOTAL,LV,2018,14376,
ESTAT:SBS_SC_CON_R2(1.0),15/03/2023 23:00,A,F42,V16130,TOTAL,LV,2019,15505,
ESTAT:SBS_SC_CON_R2(1.0),15/03/2023 23:00,A,F42,V16130,TOTAL,LV,2020,15215,
ESTAT:SBS_SC_CON_R2(1.0),15/03/2023 23:00,A,F42,V16130,TOTAL,MK,2011,5634,
ESTAT:SBS_SC_CON_R2(1.0),15/03/2023 23:00,A,F42,V16130,TOTAL,MK,2012,5412,
ESTAT:SBS_SC_CON_R2(1.0),15/03/2023 23:00,A,F42,V16130,TOTAL,MK,2013,5480,
ESTAT:SBS_SC_CON_R2(1.0),15/03/2023 23:00,A,F42,V16130,TOTAL,MK,2014,5597,
ESTAT:SBS_SC_CON_R2(1.0),15/03/2023 23:00,A,F42,V16130,TOTAL,MK,2015,6304,
ESTAT:SBS_SC_CON_R2(1.0),15/03/2023 23:00,A,F42,V16130,TOTAL,MK,2016,7185,
ESTAT:SBS_SC_CON_R2(1.0),15/03/2023 23:00,A,F42,V16130,TOTAL,MK,2017,7547,
ESTAT:SBS_SC_CON_R2(1.0),15/03/2023 23:00,A,F42,V16130,TOTAL,MK,2018,,c
ESTAT:SBS_SC_CON_R2(1.0),15/03/2023 23:00,A,F42,V16130,TOTAL,MK,2019,6395,
ESTAT:SBS_SC_CON_R2(1.0),15/03/2023 23:00,A,F42,V16130,TOTAL,MT,2011,742,
ESTAT:SBS_SC_CON_R2(1.0),15/03/2023 23:00,A,F42,V16130,TOTAL,MT,2012,887,
ESTAT:SBS_SC_CON_R2(1.0),15/03/2023 23:00,A,F42,V16130,TOTAL,MT,2013,797,
ESTAT:SBS_SC_CON_R2(1.0),15/03/2023 23:00,A,F42,V16130,TOTAL,MT,2014,790,
ESTAT:SBS_SC_CON_R2(1.0),15/03/2023 23:00,A,F42,V16130,TOTAL,MT,2015,841,
ESTAT:SBS_SC_CON_R2(1.0),15/03/2023 23:00,A,F42,V16130,TOTAL,MT,2016,851,
ESTAT:SBS_SC_CON_R2(1.0),15/03/2023 23:00,A,F42,V16130,TOTAL,MT,2017,863,
ESTAT:SBS_SC_CON_R2(1.0),15/03/2023 23:00,A,F42,V16130,TOTAL,MT,2018,819,
ESTAT:SBS_SC_CON_R2(1.0),15/03/2023 23:00,A,F42,V16130,TOTAL,MT,2019,989,
ESTAT:SBS_SC_CON_R2(1.0),15/03/2023 23:00,A,F42,V16130,TOTAL,MT,2020,1219,
ESTAT:SBS_SC_CON_R2(1.0),15/03/2023 23:00,A,F42,V16130,TOTAL,NL,2011,56672,
ESTAT:SBS_SC_CON_R2(1.0),15/03/2023 23:00,A,F42,V16130,TOTAL,NL,2012,56633,
ESTAT:SBS_SC_CON_R2(1.0),15/03/2023 23:00,A,F42,V16130,TOTAL,NL,2013,55777,
ESTAT:SBS_SC_CON_R2(1.0),15/03/2023 23:00,A,F42,V16130,TOTAL,NL,2014,54129,
ESTAT:SBS_SC_CON_R2(1.0),15/03/2023 23:00,A,F42,V16130,TOTAL,NL,2015,51445,
ESTAT:SBS_SC_CON_R2(1.0),15/03/2023 23:00,A,F42,V16130,TOTAL,NL,2016,49317,
ESTAT:SBS_SC_CON_R2(1.0),15/03/2023 23:00,A,F42,V16130,TOTAL,NL,2017,49786,
ESTAT:SBS_SC_CON_R2(1.0),15/03/2023 23:00,A,F42,V16130,TOTAL,NL,2018,50588,
ESTAT:SBS_SC_CON_R2(1.0),15/03/2023 23:00,A,F42,V16130,TOTAL,NL,2019,52036,
ESTAT:SBS_SC_CON_R2(1.0),15/03/2023 23:00,A,F42,V16130,TOTAL,NL,2020,51271,
ESTAT:SBS_SC_CON_R2(1.0),15/03/2023 23:00,A,F42,V16130,TOTAL,NO,2011,12266,
ESTAT:SBS_SC_CON_R2(1.0),15/03/2023 23:00,A,F42,V16130,TOTAL,NO,2012,12404,
ESTAT:SBS_SC_CON_R2(1.0),15/03/2023 23:00,A,F42,V16130,TOTAL,NO,2013,13022,
ESTAT:SBS_SC_CON_R2(1.0),15/03/2023 23:00,A,F42,V16130,TOTAL,NO,2014,13971,
ESTAT:SBS_SC_CON_R2(1.0),15/03/2023 23:00,A,F42,V16130,TOTAL,NO,2015,17297,
ESTAT:SBS_SC_CON_R2(1.0),15/03/2023 23:00,A,F42,V16130,TOTAL,NO,2016,17337,
ESTAT:SBS_SC_CON_R2(1.0),15/03/2023 23:00,A,F42,V16130,TOTAL,NO,2017,18659,
ESTAT:SBS_SC_CON_R2(1.0),15/03/2023 23:00,A,F42,V16130,TOTAL,NO,2018,19235,b
ESTAT:SBS_SC_CON_R2(1.0),15/03/2023 23:00,A,F42,V16130,TOTAL,NO,2019,20383,
ESTAT:SBS_SC_CON_R2(1.0),15/03/2023 23:00,A,F42,V16130,TOTAL,NO,2020,20252,
ESTAT:SBS_SC_CON_R2(1.0),15/03/2023 23:00,A,F42,V16130,TOTAL,PL,2011,168049,
ESTAT:SBS_SC_CON_R2(1.0),15/03/2023 23:00,A,F42,V16130,TOTAL,PL,2012,164789,
ESTAT:SBS_SC_CON_R2(1.0),15/03/2023 23:00,A,F42,V16130,TOTAL,PL,2013,155722,
ESTAT:SBS_SC_CON_R2(1.0),15/03/2023 23:00,A,F42,V16130,TOTAL,PL,2014,151163,
ESTAT:SBS_SC_CON_R2(1.0),15/03/2023 23:00,A,F42,V16130,TOTAL,PL,2015,147438,
ESTAT:SBS_SC_CON_R2(1.0),15/03/2023 23:00,A,F42,V16130,TOTAL,PL,2016,145976,
ESTAT:SBS_SC_CON_R2(1.0),15/03/2023 23:00,A,F42,V16130,TOTAL,PL,2017,149138,
ESTAT:SBS_SC_CON_R2(1.0),15/03/2023 23:00,A,F42,V16130,TOTAL,PL,2018,155699,b
ESTAT:SBS_SC_CON_R2(1.0),15/03/2023 23:00,A,F42,V16130,TOTAL,PL,2019,166412,
ESTAT:SBS_SC_CON_R2(1.0),15/03/2023 23:00,A,F42,V16130,TOTAL,PL,2020,170964,
ESTAT:SBS_SC_CON_R2(1.0),15/03/2023 23:00,A,F42,V16130,TOTAL,PT,2011,68331,
ESTAT:SBS_SC_CON_R2(1.0),15/03/2023 23:00,A,F42,V16130,TOTAL,PT,2012,60542,
ESTAT:SBS_SC_CON_R2(1.0),15/03/2023 23:00,A,F42,V16130,TOTAL,PT,2013,56209,
ESTAT:SBS_SC_CON_R2(1.0),15/03/2023 23:00,A,F42,V16130,TOTAL,PT,2014,50885,
ESTAT:SBS_SC_CON_R2(1.0),15/03/2023 23:00,A,F42,V16130,TOTAL,PT,2015,49446,
ESTAT:SBS_SC_CON_R2(1.0),15/03/2023 23:00,A,F42,V16130,TOTAL,PT,2016,45704,
ESTAT:SBS_SC_CON_R2(1.0),15/03/2023 23:00,A,F42,V16130,TOTAL,PT,2017,45345,
ESTAT:SBS_SC_CON_R2(1.0),15/03/2023 23:00,A,F42,V16130,TOTAL,PT,2018,44923,
ESTAT:SBS_SC_CON_R2(1.0),15/03/2023 23:00,A,F42,V16130,TOTAL,PT,2019,47332,
ESTAT:SBS_SC_CON_R2(1.0),15/03/2023 23:00,A,F42,V16130,TOTAL,PT,2020,47364,
ESTAT:SBS_SC_CON_R2(1.0),15/03/2023 23:00,A,F42,V16130,TOTAL,RO,2011,98572,p
ESTAT:SBS_SC_CON_R2(1.0),15/03/2023 23:00,A,F42,V16130,TOTAL,RO,2012,93860,
ESTAT:SBS_SC_CON_R2(1.0),15/03/2023 23:00,A,F42,V16130,TOTAL,RO,2013,83237,
ESTAT:SBS_SC_CON_R2(1.0),15/03/2023 23:00,A,F42,V16130,TOTAL,RO,2014,77667,
ESTAT:SBS_SC_CON_R2(1.0),15/03/2023 23:00,A,F42,V16130,TOTAL,RO,2015,78731,
ESTAT:SBS_SC_CON_R2(1.0),15/03/2023 23:00,A,F42,V16130,TOTAL,RO,2016,76187,
ESTAT:SBS_SC_CON_R2(1.0),15/03/2023 23:00,A,F42,V16130,TOTAL,RO,2017,68912,
ESTAT:SBS_SC_CON_R2(1.0),15/03/2023 23:00,A,F42,V16130,TOTAL,RO,2018,64637,b
ESTAT:SBS_SC_CON_R2(1.0),15/03/2023 23:00,A,F42,V16130,TOTAL,RO,2019,69652,
ESTAT:SBS_SC_CON_R2(1.0),15/03/2023 23:00,A,F42,V16130,TOTAL,RO,2020,77102,
ESTAT:SBS_SC_CON_R2(1.0),15/03/2023 23:00,A,F42,V16130,TOTAL,RS,2016,24819,p
ESTAT:SBS_SC_CON_R2(1.0),15/03/2023 23:00,A,F42,V16130,TOTAL,RS,2017,24642,p
ESTAT:SBS_SC_CON_R2(1.0),15/03/2023 23:00,A,F42,V16130,TOTAL,RS,2018,24584,
ESTAT:SBS_SC_CON_R2(1.0),15/03/2023 23:00,A,F42,V16130,TOTAL,RS,2019,25911,
ESTAT:SBS_SC_CON_R2(1.0),15/03/2023 23:00,A,F42,V16130,TOTAL,RS,2020,26618,
ESTAT:SBS_SC_CON_R2(1.0),15/03/2023 23:00,A,F42,V16130,TOTAL,SE,2011,17627,
ESTAT:SBS_SC_CON_R2(1.0),15/03/2023 23:00,A,F42,V16130,TOTAL,SE,2012,20038,
ESTAT:SBS_SC_CON_R2(1.0),15/03/2023 23:00,A,F42,V16130,TOTAL,SE,2013,21139,
ESTAT:SBS_SC_CON_R2(1.0),15/03/2023 23:00,A,F42,V16130,TOTAL,SE,2014,20859,
ESTAT:SBS_SC_CON_R2(1.0),15/03/2023 23:00,A,F42,V16130,TOTAL,SE,2015,21576,
ESTAT:SBS_SC_CON_R2(1.0),15/03/2023 23:00,A,F42,V16130,TOTAL,SE,2016,22200,
ESTAT:SBS_SC_CON_R2(1.0),15/03/2023 23:00,A,F42,V16130,TOTAL,SE,2017,23776,
ESTAT:SBS_SC_CON_R2(1.0),15/03/2023 23:00,A,F42,V16130,TOTAL,SE,2018,25198,b
ESTAT:SBS_SC_CON_R2(1.0),15/03/2023 23:00,A,F42,V16130,TOTAL,SE,2019,23284,
ESTAT:SBS_SC_CON_R2(1.0),15/03/2023 23:00,A,F42,V16130,TOTAL,SE,2020,21820,
ESTAT:SBS_SC_CON_R2(1.0),15/03/2023 23:00,A,F42,V16130,TOTAL,SI,2011,10503,
ESTAT:SBS_SC_CON_R2(1.0),15/03/2023 23:00,A,F42,V16130,TOTAL,SI,2012,8581,
ESTAT:SBS_SC_CON_R2(1.0),15/03/2023 23:00,A,F42,V16130,TOTAL,SI,2013,7752,
ESTAT:SBS_SC_CON_R2(1.0),15/03/2023 23:00,A,F42,V16130,TOTAL,SI,2014,8001,
ESTAT:SBS_SC_CON_R2(1.0),15/03/2023 23:00,A,F42,V16130,TOTAL,SI,2015,8380,
ESTAT:SBS_SC_CON_R2(1.0),15/03/2023 23:00,A,F42,V16130,TOTAL,SI,2016,7735,
ESTAT:SBS_SC_CON_R2(1.0),15/03/2023 23:00,A,F42,V16130,TOTAL,SI,2017,7638,
ESTAT:SBS_SC_CON_R2(1.0),15/03/2023 23:00,A,F42,V16130,TOTAL,SI,2018,8098,
ESTAT:SBS_SC_CON_R2(1.0),15/03/2023 23:00,A,F42,V16130,TOTAL,SI,2019,9155,
ESTAT:SBS_SC_CON_R2(1.0),15/03/2023 23:00,A,F42,V16130,TOTAL,SI,2020,9104,
ESTAT:SBS_SC_CON_R2(1.0),15/03/2023 23:00,A,F42,V16130,TOTAL,SK,2011,19490,
ESTAT:SBS_SC_CON_R2(1.0),15/03/2023 23:00,A,F42,V16130,TOTAL,SK,2012,17816,
ESTAT:SBS_SC_CON_R2(1.0),15/03/2023 23:00,A,F42,V16130,TOTAL,SK,2013,16857,
ESTAT:SBS_SC_CON_R2(1.0),15/03/2023 23:00,A,F42,V16130,TOTAL,SK,2014,15179,
ESTAT:SBS_SC_CON_R2(1.0),15/03/2023 23:00,A,F42,V16130,TOTAL,SK,2015,15906,
ESTAT:SBS_SC_CON_R2(1.0),15/03/2023 23:00,A,F42,V16130,TOTAL,SK,2016,16853,
ESTAT:SBS_SC_CON_R2(1.0),15/03/2023 23:00,A,F42,V16130,TOTAL,SK,2017,15841,
ESTAT:SBS_SC_CON_R2(1.0),15/03/2023 23:00,A,F42,V16130,TOTAL,SK,2018,15999,
ESTAT:SBS_SC_CON_R2(1.0),15/03/2023 23:00,A,F42,V16130,TOTAL,SK,2019,15652,
ESTAT:SBS_SC_CON_R2(1.0),15/03/2023 23:00,A,F42,V16130,TOTAL,SK,2020,14259,
ESTAT:SBS_SC_CON_R2(1.0),15/03/2023 23:00,A,F42,V16130,TOTAL,UK,2011,192755,
ESTAT:SBS_SC_CON_R2(1.0),15/03/2023 23:00,A,F42,V16130,TOTAL,UK,2012,197270,
ESTAT:SBS_SC_CON_R2(1.0),15/03/2023 23:00,A,F42,V16130,TOTAL,UK,2013,186707,
ESTAT:SBS_SC_CON_R2(1.0),15/03/2023 23:00,A,F42,V16130,TOTAL,UK,2014,189757,
ESTAT:SBS_SC_CON_R2(1.0),15/03/2023 23:00,A,F42,V16130,TOTAL,UK,2015,193788,
ESTAT:SBS_SC_CON_R2(1.0),15/03/2023 23:00,A,F42,V16130,TOTAL,UK,2016,236281,b
ESTAT:SBS_SC_CON_R2(1.0),15/03/2023 23:00,A,F42,V16130,TOTAL,UK,2017,236167,
ESTAT:SBS_SC_CON_R2(1.0),15/03/2023 23:00,A,F42,V16130,TOTAL,UK,2018,244945,
ESTAT:SBS_SC_CON_R2(1.0),15/03/2023 23:00,A,F43,V16130,TOTAL,AL,2019,6644,
ESTAT:SBS_SC_CON_R2(1.0),15/03/2023 23:00,A,F43,V16130,TOTAL,AL,2020,8170,
ESTAT:SBS_SC_CON_R2(1.0),15/03/2023 23:00,A,F43,V16130,TOTAL,AT,2011,162101,
ESTAT:SBS_SC_CON_R2(1.0),15/03/2023 23:00,A,F43,V16130,TOTAL,AT,2012,166202,
ESTAT:SBS_SC_CON_R2(1.0),15/03/2023 23:00,A,F43,V16130,TOTAL,AT,2013,166232,
ESTAT:SBS_SC_CON_R2(1.0),15/03/2023 23:00,A,F43,V16130,TOTAL,AT,2014,169755,
ESTAT:SBS_SC_CON_R2(1.0),15/03/2023 23:00,A,F43,V16130,TOTAL,AT,2015,168472,
ESTAT:SBS_SC_CON_R2(1.0),15/03/2023 23:00,A,F43,V16130,TOTAL,AT,2016,171372,
ESTAT:SBS_SC_CON_R2(1.0),15/03/2023 23:00,A,F43,V16130,TOTAL,AT,2017,176811,
ESTAT:SBS_SC_CON_R2(1.0),15/03/2023 23:00,A,F43,V16130,TOTAL,AT,2018,181740,b
ESTAT:SBS_SC_CON_R2(1.0),15/03/2023 23:00,A,F43,V16130,TOTAL,AT,2019,185851,
ESTAT:SBS_SC_CON_R2(1.0),15/03/2023 23:00,A,F43,V16130,TOTAL,AT,2020,184861,
ESTAT:SBS_SC_CON_R2(1.0),15/03/2023 23:00,A,F43,V16130,TOTAL,BA,2011,9086,p
ESTAT:SBS_SC_CON_R2(1.0),15/03/2023 23:00,A,F43,V16130,TOTAL,BA,2012,8622,p
ESTAT:SBS_SC_CON_R2(1.0),15/03/2023 23:00,A,F43,V16130,TOTAL,BA,2013,8011,p
ESTAT:SBS_SC_CON_R2(1.0),15/03/2023 23:00,A,F43,V16130,TOTAL,BA,2014,9472,e
ESTAT:SBS_SC_CON_R2(1.0),15/03/2023 23:00,A,F43,V16130,TOTAL,BA,2015,9332,e
ESTAT:SBS_SC_CON_R2(1.0),15/03/2023 23:00,A,F43,V16130,TOTAL,BA,2016,10632,e
ESTAT:SBS_SC_CON_R2(1.0),15/03/2023 23:00,A,F43,V16130,TOTAL,BA,2017,10792,b
ESTAT:SBS_SC_CON_R2(1.0),15/03/2023 23:00,A,F43,V16130,TOTAL,BA,2018,11357,
ESTAT:SBS_SC_CON_R2(1.0),15/03/2023 23:00,A,F43,V16130,TOTAL,BA,2019,11607,
ESTAT:SBS_SC_CON_R2(1.0),15/03/2023 23:00,A,F43,V16130,TOTAL,BA,2020,11526,
ESTAT:SBS_SC_CON_R2(1.0),15/03/2023 23:00,A,F43,V16130,TOTAL,BE,2011,131170,
ESTAT:SBS_SC_CON_R2(1.0),15/03/2023 23:00,A,F43,V16130,TOTAL,BE,2012,127080,
ESTAT:SBS_SC_CON_R2(1.0),15/03/2023 23:00,A,F43,V16130,TOTAL,BE,2013,121506,
ESTAT:SBS_SC_CON_R2(1.0),15/03/2023 23:00,A,F43,V16130,TOTAL,BE,2014,121524,
ESTAT:SBS_SC_CON_R2(1.0),15/03/2023 23:00,A,F43,V16130,TOTAL,BE,2015,121193,
ESTAT:SBS_SC_CON_R2(1.0),15/03/2023 23:00,A,F43,V16130,TOTAL,BE,2016,121577,
ESTAT:SBS_SC_CON_R2(1.0),15/03/2023 23:00,A,F43,V16130,TOTAL,BE,2017,123244,
ESTAT:SBS_SC_CON_R2(1.0),15/03/2023 23:00,A,F43,V16130,TOTAL,BE,2018,118260,b
ESTAT:SBS_SC_CON_R2(1.0),15/03/2023 23:00,A,F43,V16130,TOTAL,BE,2019,122052,
ESTAT:SBS_SC_CON_R2(1.0),15/03/2023 23:00,A,F43,V16130,TOTAL,BE,2020,123852,
ESTAT:SBS_SC_CON_R2(1.0),15/03/2023 23:00,A,F43,V16130,TOTAL,BG,2011,42635,
ESTAT:SBS_SC_CON_R2(1.0),15/03/2023 23:00,A,F43,V16130,TOTAL,BG,2012,40822,
ESTAT:SBS_SC_CON_R2(1.0),15/03/2023 23:00,A,F43,V16130,TOTAL,BG,2013,39615,
ESTAT:SBS_SC_CON_R2(1.0),15/03/2023 23:00,A,F43,V16130,TOTAL,BG,2014,39773,
ESTAT:SBS_SC_CON_R2(1.0),15/03/2023 23:00,A,F43,V16130,TOTAL,BG,2015,40280,
ESTAT:SBS_SC_CON_R2(1.0),15/03/2023 23:00,A,F43,V16130,TOTAL,BG,2016,40438,
ESTAT:SBS_SC_CON_R2(1.0),15/03/2023 23:00,A,F43,V16130,TOTAL,BG,2017,42029,
ESTAT:SBS_SC_CON_R2(1.0),15/03/2023 23:00,A,F43,V16130,TOTAL,BG,2018,43818,b
ESTAT:SBS_SC_CON_R2(1.0),15/03/2023 23:00,A,F43,V16130,TOTAL,BG,2019,46281,
ESTAT:SBS_SC_CON_R2(1.0),15/03/2023 23:00,A,F43,V16130,TOTAL,BG,2020,46897,
ESTAT:SBS_SC_CON_R2(1.0),15/03/2023 23:00,A,F43,V16130,TOTAL,CY,2011,12210,
ESTAT:SBS_SC_CON_R2(1.0),15/03/2023 23:00,A,F43,V16130,TOTAL,CY,2012,11164,
ESTAT:SBS_SC_CON_R2(1.0),15/03/2023 23:00,A,F43,V16130,TOTAL,CY,2013,8351,
ESTAT:SBS_SC_CON_R2(1.0),15/03/2023 23:00,A,F43,V16130,TOTAL,CY,2014,8055,
ESTAT:SBS_SC_CON_R2(1.0),15/03/2023 23:00,A,F43,V16130,TOTAL,CY,2015,8729,
ESTAT:SBS_SC_CON_R2(1.0),15/03/2023 23:00,A,F43,V16130,TOTAL,CY,2016,9785,
ESTAT:SBS_SC_CON_R2(1.0),15/03/2023 23:00,A,F43,V16130,TOTAL,CY,2017,12078,
ESTAT:SBS_SC_CON_R2(1.0),15/03/2023 23:00,A,F43,V16130,TOTAL,CY,2018,14427,
ESTAT:SBS_SC_CON_R2(1.0),15/03/2023 23:00,A,F43,V16130,TOTAL,CY,2019,16059,
ESTAT:SBS_SC_CON_R2(1.0),15/03/2023 23:00,A,F43,V16130,TOTAL,CY,2020,17114,
ESTAT:SBS_SC_CON_R2(1.0),15/03/2023 23:00,A,F43,V16130,TOTAL,CZ,2011,95111,
ESTAT:SBS_SC_CON_R2(1.0),15/03/2023 23:00,A,F43,V16130,TOTAL,CZ,2012,92640,
ESTAT:SBS_SC_CON_R2(1.0),15/03/2023 23:00,A,F43,V16130,TOTAL,CZ,2013,86938,
ESTAT:SBS_SC_CON_R2(1.0),15/03/2023 23:00,A,F43,V16130,TOTAL,CZ,2014,84344,
ESTAT:SBS_SC_CON_R2(1.0),15/03/2023 23:00,A,F43,V16130,TOTAL,CZ,2015,84073,
ESTAT:SBS_SC_CON_R2(1.0),15/03/2023 23:00,A,F43,V16130,TOTAL,CZ,2016,84052,
ESTAT:SBS_SC_CON_R2(1.0),15/03/2023 23:00,A,F43,V16130,TOTAL,CZ,2017,91108,
ESTAT:SBS_SC_CON_R2(1.0),15/03/2023 23:00,A,F43,V16130,TOTAL,CZ,2018,93640,
ESTAT:SBS_SC_CON_R2(1.0),15/03/2023 23:00,A,F43,V16130,TOTAL,CZ,2019,96257,
ESTAT:SBS_SC_CON_R2(1.0),15/03/2023 23:00,A,F43,V16130,TOTAL,CZ,2020,95819,
ESTAT:SBS_SC_CON_R2(1.0),15/03/2023 23:00,A,F43,V16130,TOTAL,DE,2011,1140284,
ESTAT:SBS_SC_CON_R2(1.0),15/03/2023 23:00,A,F43,V16130,TOTAL,DE,2012,1269221,
ESTAT:SBS_SC_CON_R2(1.0),15/03/2023 23:00,A,F43,V16130,TOTAL,DE,2013,1270839,
ESTAT:SBS_SC_CON_R2(1.0),15/03/2023 23:00,A,F43,V16130,TOTAL,DE,2014,1418952,
ESTAT:SBS_SC_CON_R2(1.0),15/03/2023 23:00,A,F43,V16130,TOTAL,DE,2015,1419804,
ESTAT:SBS_SC_CON_R2(1.0),15/03/2023 23:00,A,F43,V16130,TOTAL,DE,2016,1447063,
ESTAT:SBS_SC_CON_R2(1.0),15/03/2023 23:00,A,F43,V16130,TOTAL,DE,2017,1485967,
ESTAT:SBS_SC_CON_R2(1.0),15/03/2023 23:00,A,F43,V16130,TOTAL,DE,2018,1560193,b
ESTAT:SBS_SC_CON_R2(1.0),15/03/2023 23:00,A,F43,V16130,TOTAL,DE,2019,1707613,
ESTAT:SBS_SC_CON_R2(1.0),15/03/2023 23:00,A,F43,V16130,TOTAL,DE,2020,1680809,
ESTAT:SBS_SC_CON_R2(1.0),15/03/2023 23:00,A,F43,V16130,TOTAL,DK,2011,112365,
ESTAT:SBS_SC_CON_R2(1.0),15/03/2023 23:00,A,F43,V16130,TOTAL,DK,2012,113306,
ESTAT:SBS_SC_CON_R2(1.0),15/03/2023 23:00,A,F43,V16130,TOTAL,DK,2013,111962,
ESTAT:SBS_SC_CON_R2(1.0),15/03/2023 23:00,A,F43,V16130,TOTAL,DK,2014,116214,
ESTAT:SBS_SC_CON_R2(1.0),15/03/2023 23:00,A,F43,V16130,TOTAL,DK,2015,121184,
ESTAT:SBS_SC_CON_R2(1.0),15/03/2023 23:00,A,F43,V16130,TOTAL,DK,2016,113057,b
ESTAT:SBS_SC_CON_R2(1.0),15/03/2023 23:00,A,F43,V16130,TOTAL,DK,2017,118241,
ESTAT:SBS_SC_CON_R2(1.0),15/03/2023 23:00,A,F43,V16130,TOTAL,DK,2018,125321,
ESTAT:SBS_SC_CON_R2(1.0),15/03/2023 23:00,A,F43,V16130,TOTAL,DK,2019,124696,
ESTAT:SBS_SC_CON_R2(1.0),15/03/2023 23:00,A,F43,V16130,TOTAL,DK,2020,132133,
ESTAT:SBS_SC_CON_R2(1.0),15/03/2023 23:00,A,F43,V16130,TOTAL,EE,2011,16470,
ESTAT:SBS_SC_CON_R2(1.0),15/03/2023 23:00,A,F43,V16130,TOTAL,EE,2012,17316,
ESTAT:SBS_SC_CON_R2(1.0),15/03/2023 23:00,A,F43,V16130,TOTAL,EE,2013,18656,
ESTAT:SBS_SC_CON_R2(1.0),15/03/2023 23:00,A,F43,V16130,TOTAL,EE,2014,19188,
ESTAT:SBS_SC_CON_R2(1.0),15/03/2023 23:00,A,F43,V16130,TOTAL,EE,2015,20469,
ESTAT:SBS_SC_CON_R2(1.0),15/03/2023 23:00,A,F43,V16130,TOTAL,EE,2016,20150,
ESTAT:SBS_SC_CON_R2(1.0),15/03/2023 23:00,A,F43,V16130,TOTAL,EE,2017,20118,
ESTAT:SBS_SC_CON_R2(1.0),15/03/2023 23:00,A,F43,V16130,TOTAL,EE,2018,20692,b
ESTAT:SBS_SC_CON_R2(1.0),15/03/2023 23:00,A,F43,V16130,TOTAL,EE,2019,21994,
ESTAT:SBS_SC_CON_R2(1.0),15/03/2023 23:00,A,F43,V16130,TOTAL,EE,2020,22817,
ESTAT:SBS_SC_CON_R2(1.0),15/03/2023 23:00,A,F43,V16130,TOTAL,EL,2011,37401,
ESTAT:SBS_SC_CON_R2(1.0),15/03/2023 23:00,A,F43,V16130,TOTAL,EL,2012,26045,
ESTAT:SBS_SC_CON_R2(1.0),15/03/2023 23:00,A,F43,V16130,TOTAL,EL,2013,26419,
ESTAT:SBS_SC_CON_R2(1.0),15/03/2023 23:00,A,F43,V16130,TOTAL,EL,2014,24539,
ESTAT:SBS_SC_CON_R2(1.0),15/03/2023 23:00,A,F43,V16130,TOTAL,EL,2015,24712,
ESTAT:SBS_SC_CON_R2(1.0),15/03/2023 23:00,A,F43,V16130,TOTAL,EL,2016,40376,
ESTAT:SBS_SC_CON_R2(1.0),15/03/2023 23:00,A,F43,V16130,TOTAL,EL,2017,28684,
ESTAT:SBS_SC_CON_R2(1.0),15/03/2023 23:00,A,F43,V16130,TOTAL,EL,2018,43009,b
ESTAT:SBS_SC_CON_R2(1.0),15/03/2023 23:00,A,F43,V16130,TOTAL,EL,2019,38399,
ESTAT:SBS_SC_CON_R2(1.0),15/03/2023 23:00,A,F43,V16130,TOTAL,EL,2020,38797,
ESTAT:SBS_SC_CON_R2(1.0),15/03/2023 23:00,A,F43,V16130,TOTAL,ES,2011,456193,
ESTAT:SBS_SC_CON_R2(1.0),15/03/2023 23:00,A,F43,V16130,TOTAL,ES,2012,402689,
ESTAT:SBS_SC_CON_R2(1.0),15/03/2023 23:00,A,F43,V16130,TOTAL,ES,2013,355511,
ESTAT:SBS_SC_CON_R2(1.0),15/03/2023 23:00,A,F43,V16130,TOTAL,ES,2014,346015,
ESTAT:SBS_SC_CON_R2(1.0),15/03/2023 23:00,A,F43,V16130,TOTAL,ES,2015,376645,
ESTAT:SBS_SC_CON_R2(1.0),15/03/2023 23:00,A,F43,V16130,TOTAL,ES,2016,393223,
ESTAT:SBS_SC_CON_R2(1.0),15/03/2023 23:00,A,F43,V16130,TOTAL,ES,2017,424757,
ESTAT:SBS_SC_CON_R2(1.0),15/03/2023 23:00,A,F43,V16130,TOTAL,ES,2018,475817,b
ESTAT:SBS_SC_CON_R2(1.0),15/03/2023 23:00,A,F43,V16130,TOTAL,ES,2019,516520,
ESTAT:SBS_SC_CON_R2(1.0),15/03/2023 23:00,A,F43,V16130,TOTAL,ES,2020,483571,
ESTAT:SBS_SC_CON_R2(1.0),15/03/2023 23:00,A,F43,V16130,TOTAL,FI,2011,79179,
ESTAT:SBS_SC_CON_R2(1.0),15/03/2023 23:00,A,F43,V16130,TOTAL,FI,2012,79985,
ESTAT:SBS_SC_CON_R2(1.0),15/03/2023 23:00,A,F43,V16130,TOTAL,FI,2013,81517,b
ESTAT:SBS_SC_CON_R2(1.0),15/03/2023 23:00,A,F43,V16130,TOTAL,FI,2014,82972,
ESTAT:SBS_SC_CON_R2(1.0),15/03/2023 23:00,A,F43,V16130,TOTAL,FI,2015,82159,
ESTAT:SBS_SC_CON_R2(1.0),15/03/2023 23:00,A,F43,V16130,TOTAL,FI,2016,87173,
ESTAT:SBS_SC_CON_R2(1.0),15/03/2023 23:00,A,F43,V16130,TOTAL,FI,2017,92487,b
ESTAT:SBS_SC_CON_R2(1.0),15/03/2023 23:00,A,F43,V16130,TOTAL,FI,2018,94468,
ESTAT:SBS_SC_CON_R2(1.0),15/03/2023 23:00,A,F43,V16130,TOTAL,FI,2019,96093,
ESTAT:SBS_SC_CON_R2(1.0),15/03/2023 23:00,A,F43,V16130,TOTAL,FI,2020,93826,
ESTAT:SBS_SC_CON_R2(1.0),15/03/2023 23:00,A,F43,V16130,TOTAL,FR,2011,1209354,
ESTAT:SBS_SC_CON_R2(1.0),15/03/2023 23:00,A,F43,V16130,TOTAL,FR,2012,1189417,
ESTAT:SBS_SC_CON_R2(1.0),15/03/2023 23:00,A,F43,V16130,TOTAL,FR,2013,1135817,
ESTAT:SBS_SC_CON_R2(1.0),15/03/2023 23:00,A,F43,V16130,TOTAL,FR,2014,1118430,b
ESTAT:SBS_SC_CON_R2(1.0),15/03/2023 23:00,A,F43,V16130,TOTAL,FR,2015,966343,b
ESTAT:SBS_SC_CON_R2(1.0),15/03/2023 23:00,A,F43,V16130,TOTAL,FR,2016,1095531,be
ESTAT:SBS_SC_CON_R2(1.0),15/03/2023 23:00,A,F43,V16130,TOTAL,FR,2017,1064743,be
ESTAT:SBS_SC_CON_R2(1.0),15/03/2023 23:00,A,F43,V16130,TOTAL,FR,2018,1114775,
ESTAT:SBS_SC_CON_R2(1.0),15/03/2023 23:00,A,F43,V16130,TOTAL,FR,2019,1176179,
ESTAT:SBS_SC_CON_R2(1.0),15/03/2023 23:00,A,F43,V16130,TOTAL,FR,2020,1218630,
ESTAT:SBS_SC_CON_R2(1.0),15/03/2023 23:00,A,F43,V16130,TOTAL,HR,2011,35808,
ESTAT:SBS_SC_CON_R2(1.0),15/03/2023 23:00,A,F43,V16130,TOTAL,HR,2012,33766,
ESTAT:SBS_SC_CON_R2(1.0),15/03/2023 23:00,A,F43,V16130,TOTAL,HR,2013,32843,
ESTAT:SBS_SC_CON_R2(1.0),15/03/2023 23:00,A,F43,V16130,TOTAL,HR,2014,34566,
ESTAT:SBS_SC_CON_R2(1.0),15/03/2023 23:00,A,F43,V16130,TOTAL,HR,2015,33944,
ESTAT:SBS_SC_CON_R2(1.0),15/03/2023 23:00,A,F43,V16130,TOTAL,HR,2016,34372,
ESTAT:SBS_SC_CON_R2(1.0),15/03/2023 23:00,A,F43,V16130,TOTAL,HR,2017,36852,
ESTAT:SBS_SC_CON_R2(1.0),15/03/2023 23:00,A,F43,V16130,TOTAL,HR,2018,37748,
ESTAT:SBS_SC_CON_R2(1.0),15/03/2023 23:00,A,F43,V16130,TOTAL,HR,2019,44906,b
ESTAT:SBS_SC_CON_R2(1.0),15/03/2023 23:00,A,F43,V16130,TOTAL,HR,2020,48211,
ESTAT:SBS_SC_CON_R2(1.0),15/03/2023 23:00,A,F43,V16130,TOTAL,HU,2011,79738,
ESTAT:SBS_SC_CON_R2(1.0),15/03/2023 23:00,A,F43,V16130,TOTAL,HU,2012,77819,
ESTAT:SBS_SC_CON_R2(1.0),15/03/2023 23:00,A,F43,V16130,TOTAL,HU,2013,74935,
ESTAT:SBS_SC_CON_R2(1.0),15/03/2023 23:00,A,F43,V16130,TOTAL,HU,2014,76514,
ESTAT:SBS_SC_CON_R2(1.0),15/03/2023 23:00,A,F43,V16130,TOTAL,HU,2015,79886,
ESTAT:SBS_SC_CON_R2(1.0),15/03/2023 23:00,A,F43,V16130,TOTAL,HU,2016,81625,
ESTAT:SBS_SC_CON_R2(1.0),15/03/2023 23:00,A,F43,V16130,TOTAL,HU,2017,84606,
ESTAT:SBS_SC_CON_R2(1.0),15/03/2023 23:00,A,F43,V16130,TOTAL,HU,2018,88921,b
ESTAT:SBS_SC_CON_R2(1.0),15/03/2023 23:00,A,F43,V16130,TOTAL,HU,2019,89352,
ESTAT:SBS_SC_CON_R2(1.0),15/03/2023 23:00,A,F43,V16130,TOTAL,HU,2020,91417,
ESTAT:SBS_SC_CON_R2(1.0),15/03/2023 23:00,A,F43,V16130,TOTAL,IE,2011,36416,
ESTAT:SBS_SC_CON_R2(1.0),15/03/2023 23:00,A,F43,V16130,TOTAL,IE,2012,33395,
ESTAT:SBS_SC_CON_R2(1.0),15/03/2023 23:00,A,F43,V16130,TOTAL,IE,2013,35302,
ESTAT:SBS_SC_CON_R2(1.0),15/03/2023 23:00,A,F43,V16130,TOTAL,IE,2014,41656,
ESTAT:SBS_SC_CON_R2(1.0),15/03/2023 23:00,A,F43,V16130,TOTAL,IE,2015,45652,
ESTAT:SBS_SC_CON_R2(1.0),15/03/2023 23:00,A,F43,V16130,TOTAL,IE,2016,52066,
ESTAT:SBS_SC_CON_R2(1.0),15/03/2023 23:00,A,F43,V16130,TOTAL,IE,2017,59890,
ESTAT:SBS_SC_CON_R2(1.0),15/03/2023 23:00,A,F43,V16130,TOTAL,IE,2018,65624,
ESTAT:SBS_SC_CON_R2(1.0),15/03/2023 23:00,A,F43,V16130,TOTAL,IE,2019,74094,
ESTAT:SBS_SC_CON_R2(1.0),15/03/2023 23:00,A,F43,V16130,TOTAL,IE,2020,71934,
ESTAT:SBS_SC_CON_R2(1.0),15/03/2023 23:00,A,F43,V16130,TOTAL,IS,2015,5107,p
ESTAT:SBS_SC_CON_R2(1.0),15/03/2023 23:00,A,F43,V16130,TOTAL,IS,2016,5746,p
ESTAT:SBS_SC_CON_R2(1.0),15/03/2023 23:00,A,F43,V16130,TOTAL,IS,2017,6150,p
ESTAT:SBS_SC_CON_R2(1.0),15/03/2023 23:00,A,F43,V16130,TOTAL,IS,2018,6599,
ESTAT:SBS_SC_CON_R2(1.0),15/03/2023 23:00,A,F43,V16130,TOTAL,IS,2019,7186,p
ESTAT:SBS_SC_CON_R2(1.0),15/03/2023 23:00,A,F43,V16130,TOTAL,IS,2020,6765,p
ESTAT:SBS_SC_CON_R2(1.0),15/03/2023 23:00,A,F43,V16130,TOTAL,IT,2011,572359,
ESTAT:SBS_SC_CON_R2(1.0),15/03/2023 23:00,A,F43,V16130,TOTAL,IT,2012,542371,
ESTAT:SBS_SC_CON_R2(1.0),15/03/2023 23:00,A,F43,V16130,TOTAL,IT,2013,510361,
ESTAT:SBS_SC_CON_R2(1.0),15/03/2023 23:00,A,F43,V16130,TOTAL,IT,2014,480448,
ESTAT:SBS_SC_CON_R2(1.0),15/03/2023 23:00,A,F43,V16130,TOTAL,IT,2015,476071,
ESTAT:SBS_SC_CON_R2(1.0),15/03/2023 23:00,A,F43,V16130,TOTAL,IT,2016,489544,
ESTAT:SBS_SC_CON_R2(1.0),15/03/2023 23:00,A,F43,V16130,TOTAL,IT,2017,494661,b
ESTAT:SBS_SC_CON_R2(1.0),15/03/2023 23:00,A,F43,V16130,TOTAL,IT,2018,501706,
ESTAT:SBS_SC_CON_R2(1.0),15/03/2023 23:00,A,F43,V16130,TOTAL,IT,2019,522634,
ESTAT:SBS_SC_CON_R2(1.0),15/03/2023 23:00,A,F43,V16130,TOTAL,IT,2020,543377,
ESTAT:SBS_SC_CON_R2(1.0),15/03/2023 23:00,A,F43,V16130,TOTAL,LT,2011,28978,
ESTAT:SBS_SC_CON_R2(1.0),15/03/2023 23:00,A,F43,V16130,TOTAL,LT,2012,30914,
ESTAT:SBS_SC_CON_R2(1.0),15/03/2023 23:00,A,F43,V16130,TOTAL,LT,2013,31508,
ESTAT:SBS_SC_CON_R2(1.0),15/03/2023 23:00,A,F43,V16130,TOTAL,LT,2014,32121,
ESTAT:SBS_SC_CON_R2(1.0),15/03/2023 23:00,A,F43,V16130,TOTAL,LT,2015,33627,
ESTAT:SBS_SC_CON_R2(1.0),15/03/2023 23:00,A,F43,V16130,TOTAL,LT,2016,34329,
ESTAT:SBS_SC_CON_R2(1.0),15/03/2023 23:00,A,F43,V16130,TOTAL,LT,2017,35832,
ESTAT:SBS_SC_CON_R2(1.0),15/03/2023 23:00,A,F43,V16130,TOTAL,LT,2018,37274,b
ESTAT:SBS_SC_CON_R2(1.0),15/03/2023 23:00,A,F43,V16130,TOTAL,LT,2019,38257,
ESTAT:SBS_SC_CON_R2(1.0),15/03/2023 23:00,A,F43,V16130,TOTAL,LT,2020,39755,
ESTAT:SBS_SC_CON_R2(1.0),15/03/2023 23:00,A,F43,V16130,TOTAL,LU,2011,23458,
ESTAT:SBS_SC_CON_R2(1.0),15/03/2023 23:00,A,F43,V16130,TOTAL,LU,2012,24182,
ESTAT:SBS_SC_CON_R2(1.0),15/03/2023 23:00,A,F43,V16130,TOTAL,LU,2013,24238,
ESTAT:SBS_SC_CON_R2(1.0),15/03/2023 23:00,A,F43,V16130,TOTAL,LU,2014,24753,
ESTAT:SBS_SC_CON_R2(1.0),15/03/2023 23:00,A,F43,V16130,TOTAL,LU,2015,25228,
ESTAT:SBS_SC_CON_R2(1.0),15/03/2023 23:00,A,F43,V16130,TOTAL,LU,2016,26115,
ESTAT:SBS_SC_CON_R2(1.0),15/03/2023 23:00,A,F43,V16130,TOTAL,LU,2017,26956,
ESTAT:SBS_SC_CON_R2(1.0),15/03/2023 23:00,A,F43,V16130,TOTAL,LU,2018,28196,
ESTAT:SBS_SC_CON_R2(1.0),15/03/2023 23:00,A,F43,V16130,TOTAL,LU,2019,29515,
ESTAT:SBS_SC_CON_R2(1.0),15/03/2023 23:00,A,F43,V16130,TOTAL,LU,2020,30187,
ESTAT:SBS_SC_CON_R2(1.0),15/03/2023 23:00,A,F43,V16130,TOTAL,LV,2011,20101,
ESTAT:SBS_SC_CON_R2(1.0),15/03/2023 23:00,A,F43,V16130,TOTAL,LV,2012,22700,
ESTAT:SBS_SC_CON_R2(1.0),15/03/2023 23:00,A,F43,V16130,TOTAL,LV,2013,24557,
ESTAT:SBS_SC_CON_R2(1.0),15/03/2023 23:00,A,F43,V16130,TOTAL,LV,2014,26698,
ESTAT:SBS_SC_CON_R2(1.0),15/03/2023 23:00,A,F43,V16130,TOTAL,LV,2015,25445,
ESTAT:SBS_SC_CON_R2(1.0),15/03/2023 23:00,A,F43,V16130,TOTAL,LV,2016,23496,
ESTAT:SBS_SC_CON_R2(1.0),15/03/2023 23:00,A,F43,V16130,TOTAL,LV,2017,24400,
ESTAT:SBS_SC_CON_R2(1.0),15/03/2023 23:00,A,F43,V16130,TOTAL,LV,2018,25801,
ESTAT:SBS_SC_CON_R2(1.0),15/03/2023 23:00,A,F43,V16130,TOTAL,LV,2019,26441,
ESTAT:SBS_SC_CON_R2(1.0),15/03/2023 23:00,A,F43,V16130,TOTAL,LV,2020,26850,
ESTAT:SBS_SC_CON_R2(1.0),15/03/2023 23:00,A,F43,V16130,TOTAL,MK,2011,12118,
ESTAT:SBS_SC_CON_R2(1.0),15/03/2023 23:00,A,F43,V16130,TOTAL,MK,2012,12562,
ESTAT:SBS_SC_CON_R2(1.0),15/03/2023 23:00,A,F43,V16130,TOTAL,MK,2013,12920,
ESTAT:SBS_SC_CON_R2(1.0),15/03/2023 23:00,A,F43,V16130,TOTAL,MK,2014,12237,
ESTAT:SBS_SC_CON_R2(1.0),15/03/2023 23:00,A,F43,V16130,TOTAL,MK,2015,13212,
ESTAT:SBS_SC_CON_R2(1.0),15/03/2023 23:00,A,F43,V16130,TOTAL,MK,2016,13322,
ESTAT:SBS_SC_CON_R2(1.0),15/03/2023 23:00,A,F43,V16130,TOTAL,MK,2017,12956,
ESTAT:SBS_SC_CON_R2(1.0),15/03/2023 23:00,A,F43,V16130,TOTAL,MK,2018,13025,
ESTAT:SBS_SC_CON_R2(1.0),15/03/2023 23:00,A,F43,V16130,TOTAL,MK,2019,13773,
ESTAT:SBS_SC_CON_R2(1.0),15/03/2023 23:00,A,F43,V16130,TOTAL,MT,2011,3535,
ESTAT:SBS_SC_CON_R2(1.0),15/03/2023 23:00,A,F43,V16130,TOTAL,MT,2012,3061,
ESTAT:SBS_SC_CON_R2(1.0),15/03/2023 23:00,A,F43,V16130,TOTAL,MT,2013,3373,
ESTAT:SBS_SC_CON_R2(1.0),15/03/2023 23:00,A,F43,V16130,TOTAL,MT,2014,3110,
ESTAT:SBS_SC_CON_R2(1.0),15/03/2023 23:00,A,F43,V16130,TOTAL,MT,2015,3697,
ESTAT:SBS_SC_CON_R2(1.0),15/03/2023 23:00,A,F43,V16130,TOTAL,MT,2016,3801,
ESTAT:SBS_SC_CON_R2(1.0),15/03/2023 23:00,A,F43,V16130,TOTAL,MT,2017,3698,
ESTAT:SBS_SC_CON_R2(1.0),15/03/2023 23:00,A,F43,V16130,TOTAL,MT,2018,3981,
ESTAT:SBS_SC_CON_R2(1.0),15/03/2023 23:00,A,F43,V16130,TOTAL,MT,2019,4364,
ESTAT:SBS_SC_CON_R2(1.0),15/03/2023 23:00,A,F43,V16130,TOTAL,MT,2020,4909,
ESTAT:SBS_SC_CON_R2(1.0),15/03/2023 23:00,A,F43,V16130,TOTAL,NL,2011,203013,
ESTAT:SBS_SC_CON_R2(1.0),15/03/2023 23:00,A,F43,V16130,TOTAL,NL,2012,197019,
ESTAT:SBS_SC_CON_R2(1.0),15/03/2023 23:00,A,F43,V16130,TOTAL,NL,2013,182089,
ESTAT:SBS_SC_CON_R2(1.0),15/03/2023 23:00,A,F43,V16130,TOTAL,NL,2014,171780,
ESTAT:SBS_SC_CON_R2(1.0),15/03/2023 23:00,A,F43,V16130,TOTAL,NL,2015,168864,
ESTAT:SBS_SC_CON_R2(1.0),15/03/2023 23:00,A,F43,V16130,TOTAL,NL,2016,168492,
ESTAT:SBS_SC_CON_R2(1.0),15/03/2023 23:00,A,F43,V16130,TOTAL,NL,2017,172643,
ESTAT:SBS_SC_CON_R2(1.0),15/03/2023 23:00,A,F43,V16130,TOTAL,NL,2018,179205,
ESTAT:SBS_SC_CON_R2(1.0),15/03/2023 23:00,A,F43,V16130,TOTAL,NL,2019,185402,
ESTAT:SBS_SC_CON_R2(1.0),15/03/2023 23:00,A,F43,V16130,TOTAL,NL,2020,190175,
ESTAT:SBS_SC_CON_R2(1.0),15/03/2023 23:00,A,F43,V16130,TOTAL,NO,2011,101104,
ESTAT:SBS_SC_CON_R2(1.0),15/03/2023 23:00,A,F43,V16130,TOTAL,NO,2012,107512,
ESTAT:SBS_SC_CON_R2(1.0),15/03/2023 23:00,A,F43,V16130,TOTAL,NO,2013,113204,
ESTAT:SBS_SC_CON_R2(1.0),15/03/2023 23:00,A,F43,V16130,TOTAL,NO,2014,117677,
ESTAT:SBS_SC_CON_R2(1.0),15/03/2023 23:00,A,F43,V16130,TOTAL,NO,2015,117641,
ESTAT:SBS_SC_CON_R2(1.0),15/03/2023 23:00,A,F43,V16130,TOTAL,NO,2016,120557,
ESTAT:SBS_SC_CON_R2(1.0),15/03/2023 23:00,A,F43,V16130,TOTAL,NO,2017,127181,
ESTAT:SBS_SC_CON_R2(1.0),15/03/2023 23:00,A,F43,V16130,TOTAL,NO,2018,133426,b
ESTAT:SBS_SC_CON_R2(1.0),15/03/2023 23:00,A,F43,V16130,TOTAL,NO,2019,138374,
ESTAT:SBS_SC_CON_R2(1.0),15/03/2023 23:00,A,F43,V16130,TOTAL,NO,2020,140153,
ESTAT:SBS_SC_CON_R2(1.0),15/03/2023 23:00,A,F43,V16130,TOTAL,PL,2011,253062,
ESTAT:SBS_SC_CON_R2(1.0),15/03/2023 23:00,A,F43,V16130,TOTAL,PL,2012,245181,
ESTAT:SBS_SC_CON_R2(1.0),15/03/2023 23:00,A,F43,V16130,TOTAL,PL,2013,240949,
ESTAT:SBS_SC_CON_R2(1.0),15/03/2023 23:00,A,F43,V16130,TOTAL,PL,2014,241336,
ESTAT:SBS_SC_CON_R2(1.0),15/03/2023 23:00,A,F43,V16130,TOTAL,PL,2015,244486,
ESTAT:SBS_SC_CON_R2(1.0),15/03/2023 23:00,A,F43,V16130,TOTAL,PL,2016,255661,
ESTAT:SBS_SC_CON_R2(1.0),15/03/2023 23:00,A,F43,V16130,TOTAL,PL,2017,254562,
ESTAT:SBS_SC_CON_R2(1.0),15/03/2023 23:00,A,F43,V16130,TOTAL,PL,2018,292943,b
ESTAT:SBS_SC_CON_R2(1.0),15/03/2023 23:00,A,F43,V16130,TOTAL,PL,2019,307274,
ESTAT:SBS_SC_CON_R2(1.0),15/03/2023 23:00,A,F43,V16130,TOTAL,PL,2020,322988,
ESTAT:SBS_SC_CON_R2(1.0),15/03/2023 23:00,A,F43,V16130,TOTAL,PT,2011,112073,
ESTAT:SBS_SC_CON_R2(1.0),15/03/2023 23:00,A,F43,V16130,TOTAL,PT,2012,95154,
ESTAT:SBS_SC_CON_R2(1.0),15/03/2023 23:00,A,F43,V16130,TOTAL,PT,2013,86204,
ESTAT:SBS_SC_CON_R2(1.0),15/03/2023 23:00,A,F43,V16130,TOTAL,PT,2014,84051,
ESTAT:SBS_SC_CON_R2(1.0),15/03/2023 23:00,A,F43,V16130,TOTAL,PT,2015,86155,
ESTAT:SBS_SC_CON_R2(1.0),15/03/2023 23:00,A,F43,V16130,TOTAL,PT,2016,90129,
ESTAT:SBS_SC_CON_R2(1.0),15/03/2023 23:00,A,F43,V16130,TOTAL,PT,2017,94009,
ESTAT:SBS_SC_CON_R2(1.0),15/03/2023 23:00,A,F43,V16130,TOTAL,PT,2018,99443,
ESTAT:SBS_SC_CON_R2(1.0),15/03/2023 23:00,A,F43,V16130,TOTAL,PT,2019,107203,
ESTAT:SBS_SC_CON_R2(1.0),15/03/2023 23:00,A,F43,V16130,TOTAL,PT,2020,109642,
ESTAT:SBS_SC_CON_R2(1.0),15/03/2023 23:00,A,F43,V16130,TOTAL,RO,2011,129019,p
ESTAT:SBS_SC_CON_R2(1.0),15/03/2023 23:00,A,F43,V16130,TOTAL,RO,2012,122922,
ESTAT:SBS_SC_CON_R2(1.0),15/03/2023 23:00,A,F43,V16130,TOTAL,RO,2013,118769,
ESTAT:SBS_SC_CON_R2(1.0),15/03/2023 23:00,A,F43,V16130,TOTAL,RO,2014,113697,
ESTAT:SBS_SC_CON_R2(1.0),15/03/2023 23:00,A,F43,V16130,TOTAL,RO,2015,114753,
ESTAT:SBS_SC_CON_R2(1.0),15/03/2023 23:00,A,F43,V16130,TOTAL,RO,2016,115035,
ESTAT:SBS_SC_CON_R2(1.0),15/03/2023 23:00,A,F43,V16130,TOTAL,RO,2017,117418,
ESTAT:SBS_SC_CON_R2(1.0),15/03/2023 23:00,A,F43,V16130,TOTAL,RO,2018,116746,b
ESTAT:SBS_SC_CON_R2(1.0),15/03/2023 23:00,A,F43,V16130,TOTAL,RO,2019,127255,
ESTAT:SBS_SC_CON_R2(1.0),15/03/2023 23:00,A,F43,V16130,TOTAL,RO,2020,136973,
ESTAT:SBS_SC_CON_R2(1.0),15/03/2023 23:00,A,F43,V16130,TOTAL,RS,2016,23169,p
ESTAT:SBS_SC_CON_R2(1.0),15/03/2023 23:00,A,F43,V16130,TOTAL,RS,2017,23730,p
ESTAT:SBS_SC_CON_R2(1.0),15/03/2023 23:00,A,F43,V16130,TOTAL,RS,2018,26124,
ESTAT:SBS_SC_CON_R2(1.0),15/03/2023 23:00,A,F43,V16130,TOTAL,RS,2019,27888,
ESTAT:SBS_SC_CON_R2(1.0),15/03/2023 23:00,A,F43,V16130,TOTAL,RS,2020,28907,
ESTAT:SBS_SC_CON_R2(1.0),15/03/2023 23:00,A,F43,V16130,TOTAL,SE,2011,184123,
ESTAT:SBS_SC_CON_R2(1.0),15/03/2023 23:00,A,F43,V16130,TOTAL,SE,2012,188523,
ESTAT:SBS_SC_CON_R2(1.0),15/03/2023 23:00,A,F43,V16130,TOTAL,SE,2013,191265,
ESTAT:SBS_SC_CON_R2(1.0),15/03/2023 23:00,A,F43,V16130,TOTAL,SE,2014,197483,
ESTAT:SBS_SC_CON_R2(1.0),15/03/2023 23:00,A,F43,V16130,TOTAL,SE,2015,206447,
ESTAT:SBS_SC_CON_R2(1.0),15/03/2023 23:00,A,F43,V16130,TOTAL,SE,2016,214381,
ESTAT:SBS_SC_CON_R2(1.0),15/03/2023 23:00,A,F43,V16130,TOTAL,SE,2017,222914,
ESTAT:SBS_SC_CON_R2(1.0),15/03/2023 23:00,A,F43,V16130,TOTAL,SE,2018,233323,b
ESTAT:SBS_SC_CON_R2(1.0),15/03/2023 23:00,A,F43,V16130,TOTAL,SE,2019,235250,
ESTAT:SBS_SC_CON_R2(1.0),15/03/2023 23:00,A,F43,V16130,TOTAL,SE,2020,222085,
ESTAT:SBS_SC_CON_R2(1.0),15/03/2023 23:00,A,F43,V16130,TOTAL,SI,2011,27904,
ESTAT:SBS_SC_CON_R2(1.0),15/03/2023 23:00,A,F43,V16130,TOTAL,SI,2012,26356,
ESTAT:SBS_SC_CON_R2(1.0),15/03/2023 23:00,A,F43,V16130,TOTAL,SI,2013,27927,
ESTAT:SBS_SC_CON_R2(1.0),15/03/2023 23:00,A,F43,V16130,TOTAL,SI,2014,28448,
ESTAT:SBS_SC_CON_R2(1.0),15/03/2023 23:00,A,F43,V16130,TOTAL,SI,2015,29215,
ESTAT:SBS_SC_CON_R2(1.0),15/03/2023 23:00,A,F43,V16130,TOTAL,SI,2016,29165,
ESTAT:SBS_SC_CON_R2(1.0),15/03/2023 23:00,A,F43,V16130,TOTAL,SI,2017,30072,
ESTAT:SBS_SC_CON_R2(1.0),15/03/2023 23:00,A,F43,V16130,TOTAL,SI,2018,32844,
ESTAT:SBS_SC_CON_R2(1.0),15/03/2023 23:00,A,F43,V16130,TOTAL,SI,2019,36059,
ESTAT:SBS_SC_CON_R2(1.0),15/03/2023 23:00,A,F43,V16130,TOTAL,SI,2020,36195,
ESTAT:SBS_SC_CON_R2(1.0),15/03/2023 23:00,A,F43,V16130,TOTAL,SK,2011,34036,
ESTAT:SBS_SC_CON_R2(1.0),15/03/2023 23:00,A,F43,V16130,TOTAL,SK,2012,30130,
ESTAT:SBS_SC_CON_R2(1.0),15/03/2023 23:00,A,F43,V16130,TOTAL,SK,2013,29579,
ESTAT:SBS_SC_CON_R2(1.0),15/03/2023 23:00,A,F43,V16130,TOTAL,SK,2014,32776,
ESTAT:SBS_SC_CON_R2(1.0),15/03/2023 23:00,A,F43,V16130,TOTAL,SK,2015,32701,
ESTAT:SBS_SC_CON_R2(1.0),15/03/2023 23:00,A,F43,V16130,TOTAL,SK,2016,34150,
ESTAT:SBS_SC_CON_R2(1.0),15/03/2023 23:00,A,F43,V16130,TOTAL,SK,2017,37925,
ESTAT:SBS_SC_CON_R2(1.0),15/03/2023 23:00,A,F43,V16130,TOTAL,SK,2018,39745,
ESTAT:SBS_SC_CON_R2(1.0),15/03/2023 23:00,A,F43,V16130,TOTAL,SK,2019,40709,
ESTAT:SBS_SC_CON_R2(1.0),15/03/2023 23:00,A,F43,V16130,TOTAL,SK,2020,38080,
ESTAT:SBS_SC_CON_R2(1.0),15/03/2023 23:00,A,F43,V16130,TOTAL,UK,2011,700134,
ESTAT:SBS_SC_CON_R2(1.0),15/03/2023 23:00,A,F43,V16130,TOTAL,UK,2012,645121,
ESTAT:SBS_SC_CON_R2(1.0),15/03/2023 23:00,A,F43,V16130,TOTAL,UK,2013,654952,
ESTAT:SBS_SC_CON_R2(1.0),15/03/2023 23:00,A,F43,V16130,TOTAL,UK,2014,674152,
ESTAT:SBS_SC_CON_R2(1.0),15/03/2023 23:00,A,F43,V16130,TOTAL,UK,2015,711821,
ESTAT:SBS_SC_CON_R2(1.0),15/03/2023 23:00,A,F43,V16130,TOTAL,UK,2016,697277,b
ESTAT:SBS_SC_CON_R2(1.0),15/03/2023 23:00,A,F43,V16130,TOTAL,UK,2017,765607,
ESTAT:SBS_SC_CON_R2(1.0),15/03/2023 23:00,A,F43,V16130,TOTAL,UK,2018,760648,
