DATAFLOW,LAST UPDATE,freq,unit,nace_r2,geo,TIME_PERIOD,OBS_VALUE,OBS_FLAG
ESTAT:HSW_N2_02(1.0),09/03/2023 23:00,A,NR,F,AT,2011,10,
ESTAT:HSW_N2_02(1.0),09/03/2023 23:00,A,NR,F,AT,2012,31,
ESTAT:HSW_N2_02(1.0),09/03/2023 23:00,A,NR,F,AT,2013,24,
ESTAT:HSW_N2_02(1.0),09/03/2023 23:00,A,NR,F,AT,2014,15,
ESTAT:HSW_N2_02(1.0),09/03/2023 23:00,A,NR,F,AT,2015,12,
ESTAT:HSW_N2_02(1.0),09/03/2023 23:00,A,NR,F,AT,2016,16,
ESTAT:HSW_N2_02(1.0),09/03/2023 23:00,A,NR,F,AT,2017,23,
ESTAT:HSW_N2_02(1.0),09/03/2023 23:00,A,NR,F,AT,2018,21,
ESTAT:HSW_N2_02(1.0),09/03/2023 23:00,A,NR,F,AT,2019,19,
ESTAT:HSW_N2_02(1.0),09/03/2023 23:00,A,NR,F,AT,2020,8,b
ESTAT:HSW_N2_02(1.0),09/03/2023 23:00,A,NR,F,BE,2011,19,
ESTAT:HSW_N2_02(1.0),09/03/2023 23:00,A,NR,F,BE,2012,14,
ESTAT:HSW_N2_02(1.0),09/03/2023 23:00,A,NR,F,BE,2013,20,
ESTAT:HSW_N2_02(1.0),09/03/2023 23:00,A,NR,F,BE,2014,12,b
ESTAT:HSW_N2_02(1.0),09/03/2023 23:00,A,NR,F,BE,2015,14,
ESTAT:HSW_N2_02(1.0),09/03/2023 23:00,A,NR,F,BE,2016,16,
ESTAT:HSW_N2_02(1.0),09/03/2023 23:00,A,NR,F,BE,2017,12,
ESTAT:HSW_N2_02(1.0),09/03/2023 23:00,A,NR,F,BE,2018,17,
ESTAT:HSW_N2_02(1.0),09/03/2023 23:00,A,NR,F,BE,2019,10,
ESTAT:HSW_N2_02(1.0),09/03/2023 23:00,A,NR,F,BE,2020,12,b
ESTAT:HSW_N2_02(1.0),09/03/2023 23:00,A,NR,F,BG,2011,19,
ESTAT:HSW_N2_02(1.0),09/03/2023 23:00,A,NR,F,BG,2012,16,
ESTAT:HSW_N2_02(1.0),09/03/2023 23:00,A,NR,F,BG,2013,20,
ESTAT:HSW_N2_02(1.0),09/03/2023 23:00,A,NR,F,BG,2014,22,
ESTAT:HSW_N2_02(1.0),09/03/2023 23:00,A,NR,F,BG,2015,16,
ESTAT:HSW_N2_02(1.0),09/03/2023 23:00,A,NR,F,BG,2016,20,
ESTAT:HSW_N2_02(1.0),09/03/2023 23:00,A,NR,F,BG,2017,26,
ESTAT:HSW_N2_02(1.0),09/03/2023 23:00,A,NR,F,BG,2018,21,
ESTAT:HSW_N2_02(1.0),09/03/2023 23:00,A,NR,F,BG,2019,20,
ESTAT:HSW_N2_02(1.0),09/03/2023 23:00,A,NR,F,BG,2020,22,b
ESTAT:HSW_N2_02(1.0),09/03/2023 23:00,A,NR,F,CH,2011,11,
ESTAT:HSW_N2_02(1.0),09/03/2023 23:00,A,NR,F,CH,2012,22,
ESTAT:HSW_N2_02(1.0),09/03/2023 23:00,A,NR,F,CH,2013,18,
ESTAT:HSW_N2_02(1.0),09/03/2023 23:00,A,NR,F,CH,2014,21,
ESTAT:HSW_N2_02(1.0),09/03/2023 23:00,A,NR,F,CH,2015,12,
ESTAT:HSW_N2_02(1.0),09/03/2023 23:00,A,NR,F,CH,2016,28,
ESTAT:HSW_N2_02(1.0),09/03/2023 23:00,A,NR,F,CH,2017,14,
ESTAT:HSW_N2_02(1.0),09/03/2023 23:00,A,NR,F,CH,2018,20,
ESTAT:HSW_N2_02(1.0),09/03/2023 23:00,A,NR,F,CH,2019,14,
ESTAT:HSW_N2_02(1.0),09/03/2023 23:00,A,NR,F,CH,2020,9,b
ESTAT:HSW_N2_02(1.0),09/03/2023 23:00,A,NR,F,CY,2011,1,
ESTAT:HSW_N2_02(1.0),09/03/2023 23:00,A,NR,F,CY,2012,2,
ESTAT:HSW_N2_02(1.0),09/03/2023 23:00,A,NR,F,CY,2013,4,
ESTAT:HSW_N2_02(1.0),09/03/2023 23:00,A,NR,F,CY,2014,1,
ESTAT:HSW_N2_02(1.0),09/03/2023 23:00,A,NR,F,CY,2015,2,
ESTAT:HSW_N2_02(1.0),09/03/2023 23:00,A,NR,F,CY,2016,0,
ESTAT:HSW_N2_02(1.0),09/03/2023 23:00,A,NR,F,CY,2017,0,
ESTAT:HSW_N2_02(1.0),09/03/2023 23:00,A,NR,F,CY,2018,2,
ESTAT:HSW_N2_02(1.0),09/03/2023 23:00,A,NR,F,CY,2019,3,
ESTAT:HSW_N2_02(1.0),09/03/2023 23:00,A,NR,F,CY,2020,9,b
ESTAT:HSW_N2_02(1.0),09/03/2023 23:00,A,NR,F,CZ,2011,29,
ESTAT:HSW_N2_02(1.0),09/03/2023 23:00,A,NR,F,CZ,2012,22,
ESTAT:HSW_N2_02(1.0),09/03/2023 23:00,A,NR,F,CZ,2013,21,
ESTAT:HSW_N2_02(1.0),09/03/2023 23:00,A,NR,F,CZ,2014,28,
ESTAT:HSW_N2_02(1.0),09/03/2023 23:00,A,NR,F,CZ,2015,29,
ESTAT:HSW_N2_02(1.0),09/03/2023 23:00,A,NR,F,CZ,2016,19,
ESTAT:HSW_N2_02(1.0),09/03/2023 23:00,A,NR,F,CZ,2017,19,
ESTAT:HSW_N2_02(1.0),09/03/2023 23:00,A,NR,F,CZ,2018,18,
ESTAT:HSW_N2_02(1.0),09/03/2023 23:00,A,NR,F,CZ,2019,18,
ESTAT:HSW_N2_02(1.0),09/03/2023 23:00,A,NR,F,CZ,2020,27,b
ESTAT:HSW_N2_02(1.0),09/03/2023 23:00,A,NR,F,DE,2011,112,
ESTAT:HSW_N2_02(1.0),09/03/2023 23:00,A,NR,F,DE,2012,97,
ESTAT:HSW_N2_02(1.0),09/03/2023 23:00,A,NR,F,DE,2013,80,
ESTAT:HSW_N2_02(1.0),09/03/2023 23:00,A,NR,F,DE,2014,99,
ESTAT:HSW_N2_02(1.0),09/03/2023 23:00,A,NR,F,DE,2015,89,
ESTAT:HSW_N2_02(1.0),09/03/2023 23:00,A,NR,F,DE,2016,73,
ESTAT:HSW_N2_02(1.0),09/03/2023 23:00,A,NR,F,DE,2017,89,
ESTAT:HSW_N2_02(1.0),09/03/2023 23:00,A,NR,F,DE,2018,90,
ESTAT:HSW_N2_02(1.0),09/03/2023 23:00,A,NR,F,DE,2019,70,
ESTAT:HSW_N2_02(1.0),09/03/2023 23:00,A,NR,F,DE,2020,94,b
ESTAT:HSW_N2_02(1.0),09/03/2023 23:00,A,NR,F,DK,2011,8,
ESTAT:HSW_N2_02(1.0),09/03/2023 23:00,A,NR,F,DK,2012,5,
ESTAT:HSW_N2_02(1.0),09/03/2023 23:00,A,NR,F,DK,2013,3,
ESTAT:HSW_N2_02(1.0),09/03/2023 23:00,A,NR,F,DK,2014,4,
ESTAT:HSW_N2_02(1.0),09/03/2023 23:00,A,NR,F,DK,2015,6,
ESTAT:HSW_N2_02(1.0),09/03/2023 23:00,A,NR,F,DK,2016,3,
ESTAT:HSW_N2_02(1.0),09/03/2023 23:00,A,NR,F,DK,2017,5,
ESTAT:HSW_N2_02(1.0),09/03/2023 23:00,A,NR,F,DK,2018,3,
ESTAT:HSW_N2_02(1.0),09/03/2023 23:00,A,NR,F,DK,2019,2,
ESTAT:HSW_N2_02(1.0),09/03/2023 23:00,A,NR,F,DK,2020,8,b
ESTAT:HSW_N2_02(1.0),09/03/2023 23:00,A,NR,F,EE,2011,4,
ESTAT:HSW_N2_02(1.0),09/03/2023 23:00,A,NR,F,EE,2012,3,
ESTAT:HSW_N2_02(1.0),09/03/2023 23:00,A,NR,F,EE,2013,6,
ESTAT:HSW_N2_02(1.0),09/03/2023 23:00,A,NR,F,EE,2014,5,
ESTAT:HSW_N2_02(1.0),09/03/2023 23:00,A,NR,F,EE,2015,3,
ESTAT:HSW_N2_02(1.0),09/03/2023 23:00,A,NR,F,EE,2016,8,
ESTAT:HSW_N2_02(1.0),09/03/2023 23:00,A,NR,F,EE,2017,1,
ESTAT:HSW_N2_02(1.0),09/03/2023 23:00,A,NR,F,EE,2018,3,
ESTAT:HSW_N2_02(1.0),09/03/2023 23:00,A,NR,F,EE,2019,8,
ESTAT:HSW_N2_02(1.0),09/03/2023 23:00,A,NR,F,EE,2020,2,b
ESTAT:HSW_N2_02(1.0),09/03/2023 23:00,A,NR,F,EL,2011,16,
ESTAT:HSW_N2_02(1.0),09/03/2023 23:00,A,NR,F,EL,2012,11,
ESTAT:HSW_N2_02(1.0),09/03/2023 23:00,A,NR,F,EL,2013,8,
ESTAT:HSW_N2_02(1.0),09/03/2023 23:00,A,NR,F,EL,2014,7,b
ESTAT:HSW_N2_02(1.0),09/03/2023 23:00,A,NR,F,EL,2015,10,
ESTAT:HSW_N2_02(1.0),09/03/2023 23:00,A,NR,F,EL,2016,9,
ESTAT:HSW_N2_02(1.0),09/03/2023 23:00,A,NR,F,EL,2017,7,
ESTAT:HSW_N2_02(1.0),09/03/2023 23:00,A,NR,F,EL,2018,8,
ESTAT:HSW_N2_02(1.0),09/03/2023 23:00,A,NR,F,EL,2019,13,
ESTAT:HSW_N2_02(1.0),09/03/2023 23:00,A,NR,F,EL,2020,10,b
ESTAT:HSW_N2_02(1.0),09/03/2023 23:00,A,NR,F,ES,2011,106,b
ESTAT:HSW_N2_02(1.0),09/03/2023 23:00,A,NR,F,ES,2012,68,
ESTAT:HSW_N2_02(1.0),09/03/2023 23:00,A,NR,F,ES,2013,58,
ESTAT:HSW_N2_02(1.0),09/03/2023 23:00,A,NR,F,ES,2014,59,
ESTAT:HSW_N2_02(1.0),09/03/2023 23:00,A,NR,F,ES,2015,68,
ESTAT:HSW_N2_02(1.0),09/03/2023 23:00,A,NR,F,ES,2016,49,
ESTAT:HSW_N2_02(1.0),09/03/2023 23:00,A,NR,F,ES,2017,73,
ESTAT:HSW_N2_02(1.0),09/03/2023 23:00,A,NR,F,ES,2018,67,
ESTAT:HSW_N2_02(1.0),09/03/2023 23:00,A,NR,F,ES,2019,100,b
ESTAT:HSW_N2_02(1.0),09/03/2023 23:00,A,NR,F,ES,2020,92,b
ESTAT:HSW_N2_02(1.0),09/03/2023 23:00,A,NR,F,EU15,2011,683,
ESTAT:HSW_N2_02(1.0),09/03/2023 23:00,A,NR,F,EU15,2012,590,
ESTAT:HSW_N2_02(1.0),09/03/2023 23:00,A,NR,F,EU15,2013,547,
ESTAT:HSW_N2_02(1.0),09/03/2023 23:00,A,NR,F,EU15,2014,556,
ESTAT:HSW_N2_02(1.0),09/03/2023 23:00,A,NR,F,EU15,2015,572,
ESTAT:HSW_N2_02(1.0),09/03/2023 23:00,A,NR,F,EU15,2016,512,
ESTAT:HSW_N2_02(1.0),09/03/2023 23:00,A,NR,F,EU15,2017,517,
ESTAT:HSW_N2_02(1.0),09/03/2023 23:00,A,NR,F,EU15,2018,522,
ESTAT:HSW_N2_02(1.0),09/03/2023 23:00,A,NR,F,EU27_2007,2011,943,
ESTAT:HSW_N2_02(1.0),09/03/2023 23:00,A,NR,F,EU27_2007,2012,851,
ESTAT:HSW_N2_02(1.0),09/03/2023 23:00,A,NR,F,EU27_2007,2013,776,
ESTAT:HSW_N2_02(1.0),09/03/2023 23:00,A,NR,F,EU27_2007,2014,785,
ESTAT:HSW_N2_02(1.0),09/03/2023 23:00,A,NR,F,EU27_2007,2015,808,
ESTAT:HSW_N2_02(1.0),09/03/2023 23:00,A,NR,F,EU27_2007,2016,706,
ESTAT:HSW_N2_02(1.0),09/03/2023 23:00,A,NR,F,EU27_2007,2017,722,
ESTAT:HSW_N2_02(1.0),09/03/2023 23:00,A,NR,F,EU27_2007,2018,704,
ESTAT:HSW_N2_02(1.0),09/03/2023 23:00,A,NR,F,EU27_2020,2011,905,
ESTAT:HSW_N2_02(1.0),09/03/2023 23:00,A,NR,F,EU27_2020,2012,826,
ESTAT:HSW_N2_02(1.0),09/03/2023 23:00,A,NR,F,EU27_2020,2013,733,
ESTAT:HSW_N2_02(1.0),09/03/2023 23:00,A,NR,F,EU27_2020,2014,740,
ESTAT:HSW_N2_02(1.0),09/03/2023 23:00,A,NR,F,EU27_2020,2015,767,
ESTAT:HSW_N2_02(1.0),09/03/2023 23:00,A,NR,F,EU27_2020,2016,672,
ESTAT:HSW_N2_02(1.0),09/03/2023 23:00,A,NR,F,EU27_2020,2017,679,
ESTAT:HSW_N2_02(1.0),09/03/2023 23:00,A,NR,F,EU27_2020,2018,682,
ESTAT:HSW_N2_02(1.0),09/03/2023 23:00,A,NR,F,EU27_2020,2019,755,
ESTAT:HSW_N2_02(1.0),09/03/2023 23:00,A,NR,F,EU27_2020,2020,691,b
ESTAT:HSW_N2_02(1.0),09/03/2023 23:00,A,NR,F,EU28,2011,958,
ESTAT:HSW_N2_02(1.0),09/03/2023 23:00,A,NR,F,EU28,2012,869,
ESTAT:HSW_N2_02(1.0),09/03/2023 23:00,A,NR,F,EU28,2013,784,
ESTAT:HSW_N2_02(1.0),09/03/2023 23:00,A,NR,F,EU28,2014,791,
ESTAT:HSW_N2_02(1.0),09/03/2023 23:00,A,NR,F,EU28,2015,815,
ESTAT:HSW_N2_02(1.0),09/03/2023 23:00,A,NR,F,EU28,2016,717,
ESTAT:HSW_N2_02(1.0),09/03/2023 23:00,A,NR,F,EU28,2017,733,
ESTAT:HSW_N2_02(1.0),09/03/2023 23:00,A,NR,F,EU28,2018,716,
ESTAT:HSW_N2_02(1.0),09/03/2023 23:00,A,NR,F,FI,2011,4,
ESTAT:HSW_N2_02(1.0),09/03/2023 23:00,A,NR,F,FI,2012,9,
ESTAT:HSW_N2_02(1.0),09/03/2023 23:00,A,NR,F,FI,2013,4,
ESTAT:HSW_N2_02(1.0),09/03/2023 23:00,A,NR,F,FI,2014,9,
ESTAT:HSW_N2_02(1.0),09/03/2023 23:00,A,NR,F,FI,2015,3,
ESTAT:HSW_N2_02(1.0),09/03/2023 23:00,A,NR,F,FI,2016,9,
ESTAT:HSW_N2_02(1.0),09/03/2023 23:00,A,NR,F,FI,2017,2,
ESTAT:HSW_N2_02(1.0),09/03/2023 23:00,A,NR,F,FI,2018,5,
ESTAT:HSW_N2_02(1.0),09/03/2023 23:00,A,NR,F,FI,2019,7,
ESTAT:HSW_N2_02(1.0),09/03/2023 23:00,A,NR,F,FI,2020,4,b
ESTAT:HSW_N2_02(1.0),09/03/2023 23:00,A,NR,F,FR,2011,130,
ESTAT:HSW_N2_02(1.0),09/03/2023 23:00,A,NR,F,FR,2012,124,
ESTAT:HSW_N2_02(1.0),09/03/2023 23:00,A,NR,F,FR,2013,133,
ESTAT:HSW_N2_02(1.0),09/03/2023 23:00,A,NR,F,FR,2014,128,b
ESTAT:HSW_N2_02(1.0),09/03/2023 23:00,A,NR,F,FR,2015,119,
ESTAT:HSW_N2_02(1.0),09/03/2023 23:00,A,NR,F,FR,2016,111,
ESTAT:HSW_N2_02(1.0),09/03/2023 23:00,A,NR,F,FR,2017,105,b
ESTAT:HSW_N2_02(1.0),09/03/2023 23:00,A,NR,F,FR,2018,101,
ESTAT:HSW_N2_02(1.0),09/03/2023 23:00,A,NR,F,FR,2019,160,
ESTAT:HSW_N2_02(1.0),09/03/2023 23:00,A,NR,F,FR,2020,90,b
ESTAT:HSW_N2_02(1.0),09/03/2023 23:00,A,NR,F,HR,2011,15,
ESTAT:HSW_N2_02(1.0),09/03/2023 23:00,A,NR,F,HR,2012,18,
ESTAT:HSW_N2_02(1.0),09/03/2023 23:00,A,NR,F,HR,2013,8,
ESTAT:HSW_N2_02(1.0),09/03/2023 23:00,A,NR,F,HR,2014,6,
ESTAT:HSW_N2_02(1.0),09/03/2023 23:00,A,NR,F,HR,2015,7,
ESTAT:HSW_N2_02(1.0),09/03/2023 23:00,A,NR,F,HR,2016,11,
ESTAT:HSW_N2_02(1.0),09/03/2023 23:00,A,NR,F,HR,2017,11,
ESTAT:HSW_N2_02(1.0),09/03/2023 23:00,A,NR,F,HR,2018,12,
ESTAT:HSW_N2_02(1.0),09/03/2023 23:00,A,NR,F,HR,2019,12,
ESTAT:HSW_N2_02(1.0),09/03/2023 23:00,A,NR,F,HR,2020,17,b
ESTAT:HSW_N2_02(1.0),09/03/2023 23:00,A,NR,F,HU,2011,18,
ESTAT:HSW_N2_02(1.0),09/03/2023 23:00,A,NR,F,HU,2012,18,
ESTAT:HSW_N2_02(1.0),09/03/2023 23:00,A,NR,F,HU,2013,18,
ESTAT:HSW_N2_02(1.0),09/03/2023 23:00,A,NR,F,HU,2014,19,
ESTAT:HSW_N2_02(1.0),09/03/2023 23:00,A,NR,F,HU,2015,24,
ESTAT:HSW_N2_02(1.0),09/03/2023 23:00,A,NR,F,HU,2016,16,
ESTAT:HSW_N2_02(1.0),09/03/2023 23:00,A,NR,F,HU,2017,22,
ESTAT:HSW_N2_02(1.0),09/03/2023 23:00,A,NR,F,HU,2018,22,
ESTAT:HSW_N2_02(1.0),09/03/2023 23:00,A,NR,F,HU,2019,29,
ESTAT:HSW_N2_02(1.0),09/03/2023 23:00,A,NR,F,HU,2020,26,b
ESTAT:HSW_N2_02(1.0),09/03/2023 23:00,A,NR,F,IE,2011,5,
ESTAT:HSW_N2_02(1.0),09/03/2023 23:00,A,NR,F,IE,2012,7,
ESTAT:HSW_N2_02(1.0),09/03/2023 23:00,A,NR,F,IE,2013,10,
ESTAT:HSW_N2_02(1.0),09/03/2023 23:00,A,NR,F,IE,2014,6,
ESTAT:HSW_N2_02(1.0),09/03/2023 23:00,A,NR,F,IE,2015,10,
ESTAT:HSW_N2_02(1.0),09/03/2023 23:00,A,NR,F,IE,2016,9,
ESTAT:HSW_N2_02(1.0),09/03/2023 23:00,A,NR,F,IE,2017,4,
ESTAT:HSW_N2_02(1.0),09/03/2023 23:00,A,NR,F,IE,2018,5,
ESTAT:HSW_N2_02(1.0),09/03/2023 23:00,A,NR,F,IE,2019,12,
ESTAT:HSW_N2_02(1.0),09/03/2023 23:00,A,NR,F,IE,2020,12,b
ESTAT:HSW_N2_02(1.0),09/03/2023 23:00,A,NR,F,IS,2011,0,
ESTAT:HSW_N2_02(1.0),09/03/2023 23:00,A,NR,F,IS,2012,0,
ESTAT:HSW_N2_02(1.0),09/03/2023 23:00,A,NR,F,IS,2013,0,
ESTAT:HSW_N2_02(1.0),09/03/2023 23:00,A,NR,F,IS,2014,1,
ESTAT:HSW_N2_02(1.0),09/03/2023 23:00,A,NR,F,IS,2015,1,
ESTAT:HSW_N2_02(1.0),09/03/2023 23:00,A,NR,F,IS,2016,1,
ESTAT:HSW_N2_02(1.0),09/03/2023 23:00,A,NR,F,IS,2017,0,
ESTAT:HSW_N2_02(1.0),09/03/2023 23:00,A,NR,F,IS,2018,2,
ESTAT:HSW_N2_02(1.0),09/03/2023 23:00,A,NR,F,IS,2019,0,
ESTAT:HSW_N2_02(1.0),09/03/2023 23:00,A,NR,F,IS,2020,2,b
ESTAT:HSW_N2_02(1.0),09/03/2023 23:00,A,NR,F,IT,2011,143,
ESTAT:HSW_N2_02(1.0),09/03/2023 23:00,A,NR,F,IT,2012,110,
ESTAT:HSW_N2_02(1.0),09/03/2023 23:00,A,NR,F,IT,2013,101,
ESTAT:HSW_N2_02(1.0),09/03/2023 23:00,A,NR,F,IT,2014,105,
ESTAT:HSW_N2_02(1.0),09/03/2023 23:00,A,NR,F,IT,2015,133,
ESTAT:HSW_N2_02(1.0),09/03/2023 23:00,A,NR,F,IT,2016,115,
ESTAT:HSW_N2_02(1.0),09/03/2023 23:00,A,NR,F,IT,2017,89,
ESTAT:HSW_N2_02(1.0),09/03/2023 23:00,A,NR,F,IT,2018,123,
ESTAT:HSW_N2_02(1.0),09/03/2023 23:00,A,NR,F,IT,2019,92,
ESTAT:HSW_N2_02(1.0),09/03/2023 23:00,A,NR,F,IT,2020,103,b
ESTAT:HSW_N2_02(1.0),09/03/2023 23:00,A,NR,F,LT,2011,13,
ESTAT:HSW_N2_02(1.0),09/03/2023 23:00,A,NR,F,LT,2012,16,
ESTAT:HSW_N2_02(1.0),09/03/2023 23:00,A,NR,F,LT,2013,17,
ESTAT:HSW_N2_02(1.0),09/03/2023 23:00,A,NR,F,LT,2014,12,
ESTAT:HSW_N2_02(1.0),09/03/2023 23:00,A,NR,F,LT,2015,14,
ESTAT:HSW_N2_02(1.0),09/03/2023 23:00,A,NR,F,LT,2016,8,
ESTAT:HSW_N2_02(1.0),09/03/2023 23:00,A,NR,F,LT,2017,4,
ESTAT:HSW_N2_02(1.0),09/03/2023 23:00,A,NR,F,LT,2018,6,
ESTAT:HSW_N2_02(1.0),09/03/2023 23:00,A,NR,F,LT,2019,7,
ESTAT:HSW_N2_02(1.0),09/03/2023 23:00,A,NR,F,LT,2020,6,b
ESTAT:HSW_N2_02(1.0),09/03/2023 23:00,A,NR,F,LU,2011,2,
ESTAT:HSW_N2_02(1.0),09/03/2023 23:00,A,NR,F,LU,2012,2,
ESTAT:HSW_N2_02(1.0),09/03/2023 23:00,A,NR,F,LU,2013,1,
ESTAT:HSW_N2_02(1.0),09/03/2023 23:00,A,NR,F,LU,2014,2,
ESTAT:HSW_N2_02(1.0),09/03/2023 23:00,A,NR,F,LU,2015,2,
ESTAT:HSW_N2_02(1.0),09/03/2023 23:00,A,NR,F,LU,2016,6,
ESTAT:HSW_N2_02(1.0),09/03/2023 23:00,A,NR,F,LU,2017,1,
ESTAT:HSW_N2_02(1.0),09/03/2023 23:00,A,NR,F,LU,2018,5,
ESTAT:HSW_N2_02(1.0),09/03/2023 23:00,A,NR,F,LU,2019,2,
ESTAT:HSW_N2_02(1.0),09/03/2023 23:00,A,NR,F,LU,2020,1,b
ESTAT:HSW_N2_02(1.0),09/03/2023 23:00,A,NR,F,LV,2011,10,
ESTAT:HSW_N2_02(1.0),09/03/2023 23:00,A,NR,F,LV,2012,11,
ESTAT:HSW_N2_02(1.0),09/03/2023 23:00,A,NR,F,LV,2013,3,
ESTAT:HSW_N2_02(1.0),09/03/2023 23:00,A,NR,F,LV,2014,5,
ESTAT:HSW_N2_02(1.0),09/03/2023 23:00,A,NR,F,LV,2015,2,
ESTAT:HSW_N2_02(1.0),09/03/2023 23:00,A,NR,F,LV,2016,5,
ESTAT:HSW_N2_02(1.0),09/03/2023 23:00,A,NR,F,LV,2017,5,
ESTAT:HSW_N2_02(1.0),09/03/2023 23:00,A,NR,F,LV,2018,4,
ESTAT:HSW_N2_02(1.0),09/03/2023 23:00,A,NR,F,LV,2019,10,
ESTAT:HSW_N2_02(1.0),09/03/2023 23:00,A,NR,F,LV,2020,3,b
ESTAT:HSW_N2_02(1.0),09/03/2023 23:00,A,NR,F,MT,2011,0,
ESTAT:HSW_N2_02(1.0),09/03/2023 23:00,A,NR,F,MT,2012,6,
ESTAT:HSW_N2_02(1.0),09/03/2023 23:00,A,NR,F,MT,2013,1,
ESTAT:HSW_N2_02(1.0),09/03/2023 23:00,A,NR,F,MT,2014,1,
ESTAT:HSW_N2_02(1.0),09/03/2023 23:00,A,NR,F,MT,2015,2,
ESTAT:HSW_N2_02(1.0),09/03/2023 23:00,A,NR,F,MT,2016,4,
ESTAT:HSW_N2_02(1.0),09/03/2023 23:00,A,NR,F,MT,2017,1,
ESTAT:HSW_N2_02(1.0),09/03/2023 23:00,A,NR,F,MT,2018,4,
ESTAT:HSW_N2_02(1.0),09/03/2023 23:00,A,NR,F,MT,2019,3,
ESTAT:HSW_N2_02(1.0),09/03/2023 23:00,A,NR,F,MT,2020,4,b
ESTAT:HSW_N2_02(1.0),09/03/2023 23:00,A,NR,F,NL,2011,8,
ESTAT:HSW_N2_02(1.0),09/03/2023 23:00,A,NR,F,NL,2012,7,
ESTAT:HSW_N2_02(1.0),09/03/2023 23:00,A,NR,F,NL,2013,7,
ESTAT:HSW_N2_02(1.0),09/03/2023 23:00,A,NR,F,NL,2014,5,b
ESTAT:HSW_N2_02(1.0),09/03/2023 23:00,A,NR,F,NL,2015,5,
ESTAT:HSW_N2_02(1.0),09/03/2023 23:00,A,NR,F,NL,2016,4,
ESTAT:HSW_N2_02(1.0),09/03/2023 23:00,A,NR,F,NL,2017,4,
ESTAT:HSW_N2_02(1.0),09/03/2023 23:00,A,NR,F,NL,2018,5,
ESTAT:HSW_N2_02(1.0),09/03/2023 23:00,A,NR,F,NL,2019,3,
ESTAT:HSW_N2_02(1.0),09/03/2023 23:00,A,NR,F,NL,2020,3,b
ESTAT:HSW_N2_02(1.0),09/03/2023 23:00,A,NR,F,NO,2011,11,
ESTAT:HSW_N2_02(1.0),09/03/2023 23:00,A,NR,F,NO,2012,10,
ESTAT:HSW_N2_02(1.0),09/03/2023 23:00,A,NR,F,NO,2013,10,
ESTAT:HSW_N2_02(1.0),09/03/2023 23:00,A,NR,F,NO,2014,11,b
ESTAT:HSW_N2_02(1.0),09/03/2023 23:00,A,NR,F,NO,2015,6,
ESTAT:HSW_N2_02(1.0),09/03/2023 23:00,A,NR,F,NO,2016,8,
ESTAT:HSW_N2_02(1.0),09/03/2023 23:00,A,NR,F,NO,2017,7,
ESTAT:HSW_N2_02(1.0),09/03/2023 23:00,A,NR,F,NO,2018,4,
ESTAT:HSW_N2_02(1.0),09/03/2023 23:00,A,NR,F,NO,2019,9,
ESTAT:HSW_N2_02(1.0),09/03/2023 23:00,A,NR,F,NO,2020,8,b
ESTAT:HSW_N2_02(1.0),09/03/2023 23:00,A,NR,F,PL,2011,99,
ESTAT:HSW_N2_02(1.0),09/03/2023 23:00,A,NR,F,PL,2012,82,
ESTAT:HSW_N2_02(1.0),09/03/2023 23:00,A,NR,F,PL,2013,71,
ESTAT:HSW_N2_02(1.0),09/03/2023 23:00,A,NR,F,PL,2014,55,
ESTAT:HSW_N2_02(1.0),09/03/2023 23:00,A,NR,F,PL,2015,69,
ESTAT:HSW_N2_02(1.0),09/03/2023 23:00,A,NR,F,PL,2016,52,
ESTAT:HSW_N2_02(1.0),09/03/2023 23:00,A,NR,F,PL,2017,58,
ESTAT:HSW_N2_02(1.0),09/03/2023 23:00,A,NR,F,PL,2018,48,
ESTAT:HSW_N2_02(1.0),09/03/2023 23:00,A,NR,F,PL,2019,44,
ESTAT:HSW_N2_02(1.0),09/03/2023 23:00,A,NR,F,PL,2020,39,b
ESTAT:HSW_N2_02(1.0),09/03/2023 23:00,A,NR,F,PT,2011,57,
ESTAT:HSW_N2_02(1.0),09/03/2023 23:00,A,NR,F,PT,2012,55,
ESTAT:HSW_N2_02(1.0),09/03/2023 23:00,A,NR,F,PT,2013,42,
ESTAT:HSW_N2_02(1.0),09/03/2023 23:00,A,NR,F,PT,2014,43,
ESTAT:HSW_N2_02(1.0),09/03/2023 23:00,A,NR,F,PT,2015,48,
ESTAT:HSW_N2_02(1.0),09/03/2023 23:00,A,NR,F,PT,2016,37,
ESTAT:HSW_N2_02(1.0),09/03/2023 23:00,A,NR,F,PT,2017,42,
ESTAT:HSW_N2_02(1.0),09/03/2023 23:00,A,NR,F,PT,2018,26,
ESTAT:HSW_N2_02(1.0),09/03/2023 23:00,A,NR,F,PT,2019,28,
ESTAT:HSW_N2_02(1.0),09/03/2023 23:00,A,NR,F,PT,2020,36,b
ESTAT:HSW_N2_02(1.0),09/03/2023 23:00,A,NR,F,RO,2011,59,
ESTAT:HSW_N2_02(1.0),09/03/2023 23:00,A,NR,F,RO,2012,65,
ESTAT:HSW_N2_02(1.0),09/03/2023 23:00,A,NR,F,RO,2013,56,
ESTAT:HSW_N2_02(1.0),09/03/2023 23:00,A,NR,F,RO,2014,67,
ESTAT:HSW_N2_02(1.0),09/03/2023 23:00,A,NR,F,RO,2015,57,
ESTAT:HSW_N2_02(1.0),09/03/2023 23:00,A,NR,F,RO,2016,57,
ESTAT:HSW_N2_02(1.0),09/03/2023 23:00,A,NR,F,RO,2017,56,
ESTAT:HSW_N2_02(1.0),09/03/2023 23:00,A,NR,F,RO,2018,39,
ESTAT:HSW_N2_02(1.0),09/03/2023 23:00,A,NR,F,RO,2019,61,
ESTAT:HSW_N2_02(1.0),09/03/2023 23:00,A,NR,F,RO,2020,43,b
ESTAT:HSW_N2_02(1.0),09/03/2023 23:00,A,NR,F,SE,2011,10,
ESTAT:HSW_N2_02(1.0),09/03/2023 23:00,A,NR,F,SE,2012,7,
ESTAT:HSW_N2_02(1.0),09/03/2023 23:00,A,NR,F,SE,2013,5,
ESTAT:HSW_N2_02(1.0),09/03/2023 23:00,A,NR,F,SE,2014,11,
ESTAT:HSW_N2_02(1.0),09/03/2023 23:00,A,NR,F,SE,2015,5,
ESTAT:HSW_N2_02(1.0),09/03/2023 23:00,A,NR,F,SE,2016,9,
ESTAT:HSW_N2_02(1.0),09/03/2023 23:00,A,NR,F,SE,2017,7,
ESTAT:HSW_N2_02(1.0),09/03/2023 23:00,A,NR,F,SE,2018,12,
ESTAT:HSW_N2_02(1.0),09/03/2023 23:00,A,NR,F,SE,2019,10,
ESTAT:HSW_N2_02(1.0),09/03/2023 23:00,A,NR,F,SE,2020,10,b
ESTAT:HSW_N2_02(1.0),09/03/2023 23:00,A,NR,F,SI,2011,5,
ESTAT:HSW_N2_02(1.0),09/03/2023 23:00,A,NR,F,SI,2012,7,
ESTAT:HSW_N2_02(1.0),09/03/2023 23:00,A,NR,F,SI,2013,5,
ESTAT:HSW_N2_02(1.0),09/03/2023 23:00,A,NR,F,SI,2014,7,
ESTAT:HSW_N2_02(1.0),09/03/2023 23:00,A,NR,F,SI,2015,7,
ESTAT:HSW_N2_02(1.0),09/03/2023 23:00,A,NR,F,SI,2016,0,
ESTAT:HSW_N2_02(1.0),09/03/2023 23:00,A,NR,F,SI,2017,4,
ESTAT:HSW_N2_02(1.0),09/03/2023 23:00,A,NR,F,SI,2018,6,
ESTAT:HSW_N2_02(1.0),09/03/2023 23:00,A,NR,F,SI,2019,4,
ESTAT:HSW_N2_02(1.0),09/03/2023 23:00,A,NR,F,SI,2020,5,b
ESTAT:HSW_N2_02(1.0),09/03/2023 23:00,A,NR,F,SK,2011,3,
ESTAT:HSW_N2_02(1.0),09/03/2023 23:00,A,NR,F,SK,2012,13,
ESTAT:HSW_N2_02(1.0),09/03/2023 23:00,A,NR,F,SK,2013,7,
ESTAT:HSW_N2_02(1.0),09/03/2023 23:00,A,NR,F,SK,2014,7,
ESTAT:HSW_N2_02(1.0),09/03/2023 23:00,A,NR,F,SK,2015,11,
ESTAT:HSW_N2_02(1.0),09/03/2023 23:00,A,NR,F,SK,2016,5,
ESTAT:HSW_N2_02(1.0),09/03/2023 23:00,A,NR,F,SK,2017,9,
ESTAT:HSW_N2_02(1.0),09/03/2023 23:00,A,NR,F,SK,2018,9,
ESTAT:HSW_N2_02(1.0),09/03/2023 23:00,A,NR,F,SK,2019,8,
ESTAT:HSW_N2_02(1.0),09/03/2023 23:00,A,NR,F,SK,2020,5,b
ESTAT:HSW_N2_02(1.0),09/03/2023 23:00,A,NR,F,UK,2011,53,
ESTAT:HSW_N2_02(1.0),09/03/2023 23:00,A,NR,F,UK,2012,43,
ESTAT:HSW_N2_02(1.0),09/03/2023 23:00,A,NR,F,UK,2013,51,
ESTAT:HSW_N2_02(1.0),09/03/2023 23:00,A,NR,F,UK,2014,51,
ESTAT:HSW_N2_02(1.0),09/03/2023 23:00,A,NR,F,UK,2015,48,
ESTAT:HSW_N2_02(1.0),09/03/2023 23:00,A,NR,F,UK,2016,45,
ESTAT:HSW_N2_02(1.0),09/03/2023 23:00,A,NR,F,UK,2017,54,
ESTAT:HSW_N2_02(1.0),09/03/2023 23:00,A,NR,F,UK,2018,34,
ESTAT:HSW_N2_02(1.0),09/03/2023 23:00,A,NR,F41,AT,2011,5,
ESTAT:HSW_N2_02(1.0),09/03/2023 23:00,A,NR,F41,AT,2012,6,
ESTAT:HSW_N2_02(1.0),09/03/2023 23:00,A,NR,F41,AT,2013,6,
ESTAT:HSW_N2_02(1.0),09/03/2023 23:00,A,NR,F41,AT,2014,3,
ESTAT:HSW_N2_02(1.0),09/03/2023 23:00,A,NR,F41,AT,2015,4,
ESTAT:HSW_N2_02(1.0),09/03/2023 23:00,A,NR,F41,AT,2016,4,
ESTAT:HSW_N2_02(1.0),09/03/2023 23:00,A,NR,F41,AT,2017,7,
ESTAT:HSW_N2_02(1.0),09/03/2023 23:00,A,NR,F41,AT,2018,6,
ESTAT:HSW_N2_02(1.0),09/03/2023 23:00,A,NR,F41,AT,2019,6,
ESTAT:HSW_N2_02(1.0),09/03/2023 23:00,A,NR,F41,AT,2020,0,b
ESTAT:HSW_N2_02(1.0),09/03/2023 23:00,A,NR,F41,BE,2011,7,
ESTAT:HSW_N2_02(1.0),09/03/2023 23:00,A,NR,F41,BE,2012,5,
ESTAT:HSW_N2_02(1.0),09/03/2023 23:00,A,NR,F41,BE,2013,9,
ESTAT:HSW_N2_02(1.0),09/03/2023 23:00,A,NR,F41,BE,2014,3,b
ESTAT:HSW_N2_02(1.0),09/03/2023 23:00,A,NR,F41,BE,2015,3,
ESTAT:HSW_N2_02(1.0),09/03/2023 23:00,A,NR,F41,BE,2016,2,
ESTAT:HSW_N2_02(1.0),09/03/2023 23:00,A,NR,F41,BE,2017,3,
ESTAT:HSW_N2_02(1.0),09/03/2023 23:00,A,NR,F41,BE,2018,5,
ESTAT:HSW_N2_02(1.0),09/03/2023 23:00,A,NR,F41,BE,2019,5,
ESTAT:HSW_N2_02(1.0),09/03/2023 23:00,A,NR,F41,BE,2020,4,b
ESTAT:HSW_N2_02(1.0),09/03/2023 23:00,A,NR,F41,BG,2011,5,
ESTAT:HSW_N2_02(1.0),09/03/2023 23:00,A,NR,F41,BG,2012,3,
ESTAT:HSW_N2_02(1.0),09/03/2023 23:00,A,NR,F41,BG,2013,5,
ESTAT:HSW_N2_02(1.0),09/03/2023 23:00,A,NR,F41,BG,2014,8,
ESTAT:HSW_N2_02(1.0),09/03/2023 23:00,A,NR,F41,BG,2015,4,
ESTAT:HSW_N2_02(1.0),09/03/2023 23:00,A,NR,F41,BG,2016,8,
ESTAT:HSW_N2_02(1.0),09/03/2023 23:00,A,NR,F41,BG,2017,11,
ESTAT:HSW_N2_02(1.0),09/03/2023 23:00,A,NR,F41,BG,2018,8,
ESTAT:HSW_N2_02(1.0),09/03/2023 23:00,A,NR,F41,BG,2019,9,
ESTAT:HSW_N2_02(1.0),09/03/2023 23:00,A,NR,F41,BG,2020,7,b
ESTAT:HSW_N2_02(1.0),09/03/2023 23:00,A,NR,F41,CH,2011,6,
ESTAT:HSW_N2_02(1.0),09/03/2023 23:00,A,NR,F41,CH,2012,9,
ESTAT:HSW_N2_02(1.0),09/03/2023 23:00,A,NR,F41,CH,2013,11,
ESTAT:HSW_N2_02(1.0),09/03/2023 23:00,A,NR,F41,CH,2014,7,
ESTAT:HSW_N2_02(1.0),09/03/2023 23:00,A,NR,F41,CH,2015,5,
ESTAT:HSW_N2_02(1.0),09/03/2023 23:00,A,NR,F41,CH,2016,12,
ESTAT:HSW_N2_02(1.0),09/03/2023 23:00,A,NR,F41,CH,2017,3,
ESTAT:HSW_N2_02(1.0),09/03/2023 23:00,A,NR,F41,CH,2018,7,
ESTAT:HSW_N2_02(1.0),09/03/2023 23:00,A,NR,F41,CH,2019,5,
ESTAT:HSW_N2_02(1.0),09/03/2023 23:00,A,NR,F41,CH,2020,2,b
ESTAT:HSW_N2_02(1.0),09/03/2023 23:00,A,NR,F41,CY,2011,0,
ESTAT:HSW_N2_02(1.0),09/03/2023 23:00,A,NR,F41,CY,2012,2,
ESTAT:HSW_N2_02(1.0),09/03/2023 23:00,A,NR,F41,CY,2013,2,
ESTAT:HSW_N2_02(1.0),09/03/2023 23:00,A,NR,F41,CY,2014,0,
ESTAT:HSW_N2_02(1.0),09/03/2023 23:00,A,NR,F41,CY,2015,1,
ESTAT:HSW_N2_02(1.0),09/03/2023 23:00,A,NR,F41,CY,2016,0,
ESTAT:HSW_N2_02(1.0),09/03/2023 23:00,A,NR,F41,CY,2017,0,
ESTAT:HSW_N2_02(1.0),09/03/2023 23:00,A,NR,F41,CY,2018,2,
ESTAT:HSW_N2_02(1.0),09/03/2023 23:00,A,NR,F41,CY,2019,2,
ESTAT:HSW_N2_02(1.0),09/03/2023 23:00,A,NR,F41,CY,2020,4,b
ESTAT:HSW_N2_02(1.0),09/03/2023 23:00,A,NR,F41,CZ,2011,12,
ESTAT:HSW_N2_02(1.0),09/03/2023 23:00,A,NR,F41,CZ,2012,9,
ESTAT:HSW_N2_02(1.0),09/03/2023 23:00,A,NR,F41,CZ,2013,7,
ESTAT:HSW_N2_02(1.0),09/03/2023 23:00,A,NR,F41,CZ,2014,11,
ESTAT:HSW_N2_02(1.0),09/03/2023 23:00,A,NR,F41,CZ,2015,7,
ESTAT:HSW_N2_02(1.0),09/03/2023 23:00,A,NR,F41,CZ,2016,10,
ESTAT:HSW_N2_02(1.0),09/03/2023 23:00,A,NR,F41,CZ,2017,9,
ESTAT:HSW_N2_02(1.0),09/03/2023 23:00,A,NR,F41,CZ,2018,6,
ESTAT:HSW_N2_02(1.0),09/03/2023 23:00,A,NR,F41,CZ,2019,10,
ESTAT:HSW_N2_02(1.0),09/03/2023 23:00,A,NR,F41,CZ,2020,6,b
ESTAT:HSW_N2_02(1.0),09/03/2023 23:00,A,NR,F41,DE,2011,9,
ESTAT:HSW_N2_02(1.0),09/03/2023 23:00,A,NR,F41,DE,2012,1,
ESTAT:HSW_N2_02(1.0),09/03/2023 23:00,A,NR,F41,DE,2013,1,
ESTAT:HSW_N2_02(1.0),09/03/2023 23:00,A,NR,F41,DE,2014,1,
ESTAT:HSW_N2_02(1.0),09/03/2023 23:00,A,NR,F41,DE,2015,1,
ESTAT:HSW_N2_02(1.0),09/03/2023 23:00,A,NR,F41,DE,2016,0,
ESTAT:HSW_N2_02(1.0),09/03/2023 23:00,A,NR,F41,DE,2017,0,
ESTAT:HSW_N2_02(1.0),09/03/2023 23:00,A,NR,F41,DE,2018,27,
ESTAT:HSW_N2_02(1.0),09/03/2023 23:00,A,NR,F41,DE,2019,20,
ESTAT:HSW_N2_02(1.0),09/03/2023 23:00,A,NR,F41,DE,2020,31,b
ESTAT:HSW_N2_02(1.0),09/03/2023 23:00,A,NR,F41,DK,2011,1,
ESTAT:HSW_N2_02(1.0),09/03/2023 23:00,A,NR,F41,DK,2012,0,
ESTAT:HSW_N2_02(1.0),09/03/2023 23:00,A,NR,F41,DK,2013,0,
ESTAT:HSW_N2_02(1.0),09/03/2023 23:00,A,NR,F41,DK,2014,0,
ESTAT:HSW_N2_02(1.0),09/03/2023 23:00,A,NR,F41,DK,2015,2,
ESTAT:HSW_N2_02(1.0),09/03/2023 23:00,A,NR,F41,DK,2016,0,
ESTAT:HSW_N2_02(1.0),09/03/2023 23:00,A,NR,F41,DK,2017,2,
ESTAT:HSW_N2_02(1.0),09/03/2023 23:00,A,NR,F41,DK,2018,1,
ESTAT:HSW_N2_02(1.0),09/03/2023 23:00,A,NR,F41,DK,2019,0,
ESTAT:HSW_N2_02(1.0),09/03/2023 23:00,A,NR,F41,DK,2020,3,b
ESTAT:HSW_N2_02(1.0),09/03/2023 23:00,A,NR,F41,EE,2011,2,
ESTAT:HSW_N2_02(1.0),09/03/2023 23:00,A,NR,F41,EE,2012,0,
ESTAT:HSW_N2_02(1.0),09/03/2023 23:00,A,NR,F41,EE,2013,0,
ESTAT:HSW_N2_02(1.0),09/03/2023 23:00,A,NR,F41,EE,2014,2,
ESTAT:HSW_N2_02(1.0),09/03/2023 23:00,A,NR,F41,EE,2015,2,
ESTAT:HSW_N2_02(1.0),09/03/2023 23:00,A,NR,F41,EE,2016,1,
ESTAT:HSW_N2_02(1.0),09/03/2023 23:00,A,NR,F41,EE,2017,1,
ESTAT:HSW_N2_02(1.0),09/03/2023 23:00,A,NR,F41,EE,2018,1,
ESTAT:HSW_N2_02(1.0),09/03/2023 23:00,A,NR,F41,EE,2019,3,
ESTAT:HSW_N2_02(1.0),09/03/2023 23:00,A,NR,F41,EE,2020,1,b
ESTAT:HSW_N2_02(1.0),09/03/2023 23:00,A,NR,F41,EL,2011,6,
ESTAT:HSW_N2_02(1.0),09/03/2023 23:00,A,NR,F41,EL,2012,9,
ESTAT:HSW_N2_02(1.0),09/03/2023 23:00,A,NR,F41,EL,2013,4,
ESTAT:HSW_N2_02(1.0),09/03/2023 23:00,A,NR,F41,EL,2014,2,b
ESTAT:HSW_N2_02(1.0),09/03/2023 23:00,A,NR,F41,EL,2015,5,
ESTAT:HSW_N2_02(1.0),09/03/2023 23:00,A,NR,F41,EL,2016,3,
ESTAT:HSW_N2_02(1.0),09/03/2023 23:00,A,NR,F41,EL,2017,6,
ESTAT:HSW_N2_02(1.0),09/03/2023 23:00,A,NR,F41,EL,2018,3,
ESTAT:HSW_N2_02(1.0),09/03/2023 23:00,A,NR,F41,EL,2019,7,
ESTAT:HSW_N2_02(1.0),09/03/2023 23:00,A,NR,F41,EL,2020,2,b
ESTAT:HSW_N2_02(1.0),09/03/2023 23:00,A,NR,F41,ES,2011,39,b
ESTAT:HSW_N2_02(1.0),09/03/2023 23:00,A,NR,F41,ES,2012,17,
ESTAT:HSW_N2_02(1.0),09/03/2023 23:00,A,NR,F41,ES,2013,21,
ESTAT:HSW_N2_02(1.0),09/03/2023 23:00,A,NR,F41,ES,2014,22,
ESTAT:HSW_N2_02(1.0),09/03/2023 23:00,A,NR,F41,ES,2015,21,
ESTAT:HSW_N2_02(1.0),09/03/2023 23:00,A,NR,F41,ES,2016,17,
ESTAT:HSW_N2_02(1.0),09/03/2023 23:00,A,NR,F41,ES,2017,29,
ESTAT:HSW_N2_02(1.0),09/03/2023 23:00,A,NR,F41,ES,2018,23,
ESTAT:HSW_N2_02(1.0),09/03/2023 23:00,A,NR,F41,ES,2019,43,b
ESTAT:HSW_N2_02(1.0),09/03/2023 23:00,A,NR,F41,ES,2020,32,b
ESTAT:HSW_N2_02(1.0),09/03/2023 23:00,A,NR,F41,EU15,2011,190,
ESTAT:HSW_N2_02(1.0),09/03/2023 23:00,A,NR,F41,EU15,2012,148,
ESTAT:HSW_N2_02(1.0),09/03/2023 23:00,A,NR,F41,EU15,2013,142,
ESTAT:HSW_N2_02(1.0),09/03/2023 23:00,A,NR,F41,EU15,2014,124,
ESTAT:HSW_N2_02(1.0),09/03/2023 23:00,A,NR,F41,EU15,2015,149,
ESTAT:HSW_N2_02(1.0),09/03/2023 23:00,A,NR,F41,EU15,2016,123,
ESTAT:HSW_N2_02(1.0),09/03/2023 23:00,A,NR,F41,EU15,2017,135,
ESTAT:HSW_N2_02(1.0),09/03/2023 23:00,A,NR,F41,EU15,2018,140,
ESTAT:HSW_N2_02(1.0),09/03/2023 23:00,A,NR,F41,EU27_2007,2011,301,
ESTAT:HSW_N2_02(1.0),09/03/2023 23:00,A,NR,F41,EU27_2007,2012,258,
ESTAT:HSW_N2_02(1.0),09/03/2023 23:00,A,NR,F41,EU27_2007,2013,229,
ESTAT:HSW_N2_02(1.0),09/03/2023 23:00,A,NR,F41,EU27_2007,2014,220,
ESTAT:HSW_N2_02(1.0),09/03/2023 23:00,A,NR,F41,EU27_2007,2015,251,
ESTAT:HSW_N2_02(1.0),09/03/2023 23:00,A,NR,F41,EU27_2007,2016,204,
ESTAT:HSW_N2_02(1.0),09/03/2023 23:00,A,NR,F41,EU27_2007,2017,226,
ESTAT:HSW_N2_02(1.0),09/03/2023 23:00,A,NR,F41,EU27_2007,2018,217,
ESTAT:HSW_N2_02(1.0),09/03/2023 23:00,A,NR,F41,EU27_2020,2011,292,
ESTAT:HSW_N2_02(1.0),09/03/2023 23:00,A,NR,F41,EU27_2020,2012,240,
ESTAT:HSW_N2_02(1.0),09/03/2023 23:00,A,NR,F41,EU27_2020,2013,216,
ESTAT:HSW_N2_02(1.0),09/03/2023 23:00,A,NR,F41,EU27_2020,2014,201,
ESTAT:HSW_N2_02(1.0),09/03/2023 23:00,A,NR,F41,EU27_2020,2015,237,
ESTAT:HSW_N2_02(1.0),09/03/2023 23:00,A,NR,F41,EU27_2020,2016,190,
ESTAT:HSW_N2_02(1.0),09/03/2023 23:00,A,NR,F41,EU27_2020,2017,215,
ESTAT:HSW_N2_02(1.0),09/03/2023 23:00,A,NR,F41,EU27_2020,2018,211,
ESTAT:HSW_N2_02(1.0),09/03/2023 23:00,A,NR,F41,EU27_2020,2019,269,
ESTAT:HSW_N2_02(1.0),09/03/2023 23:00,A,NR,F41,EU27_2020,2020,242,b
ESTAT:HSW_N2_02(1.0),09/03/2023 23:00,A,NR,F41,EU28,2011,308,
ESTAT:HSW_N2_02(1.0),09/03/2023 23:00,A,NR,F41,EU28,2012,263,
ESTAT:HSW_N2_02(1.0),09/03/2023 23:00,A,NR,F41,EU28,2013,230,
ESTAT:HSW_N2_02(1.0),09/03/2023 23:00,A,NR,F41,EU28,2014,224,
ESTAT:HSW_N2_02(1.0),09/03/2023 23:00,A,NR,F41,EU28,2015,253,
ESTAT:HSW_N2_02(1.0),09/03/2023 23:00,A,NR,F41,EU28,2016,207,
ESTAT:HSW_N2_02(1.0),09/03/2023 23:00,A,NR,F41,EU28,2017,232,
ESTAT:HSW_N2_02(1.0),09/03/2023 23:00,A,NR,F41,EU28,2018,223,
ESTAT:HSW_N2_02(1.0),09/03/2023 23:00,A,NR,F41,FI,2011,0,
ESTAT:HSW_N2_02(1.0),09/03/2023 23:00,A,NR,F41,FI,2012,4,
ESTAT:HSW_N2_02(1.0),09/03/2023 23:00,A,NR,F41,FI,2013,2,
ESTAT:HSW_N2_02(1.0),09/03/2023 23:00,A,NR,F41,FI,2014,2,
ESTAT:HSW_N2_02(1.0),09/03/2023 23:00,A,NR,F41,FI,2015,1,
ESTAT:HSW_N2_02(1.0),09/03/2023 23:00,A,NR,F41,FI,2016,3,
ESTAT:HSW_N2_02(1.0),09/03/2023 23:00,A,NR,F41,FI,2017,0,
ESTAT:HSW_N2_02(1.0),09/03/2023 23:00,A,NR,F41,FI,2018,1,
ESTAT:HSW_N2_02(1.0),09/03/2023 23:00,A,NR,F41,FI,2019,3,
ESTAT:HSW_N2_02(1.0),09/03/2023 23:00,A,NR,F41,FI,2020,0,b
ESTAT:HSW_N2_02(1.0),09/03/2023 23:00,A,NR,F41,FR,2011,11,
ESTAT:HSW_N2_02(1.0),09/03/2023 23:00,A,NR,F41,FR,2012,11,
ESTAT:HSW_N2_02(1.0),09/03/2023 23:00,A,NR,F41,FR,2013,10,
ESTAT:HSW_N2_02(1.0),09/03/2023 23:00,A,NR,F41,FR,2014,10,b
ESTAT:HSW_N2_02(1.0),09/03/2023 23:00,A,NR,F41,FR,2015,15,
ESTAT:HSW_N2_02(1.0),09/03/2023 23:00,A,NR,F41,FR,2016,10,
ESTAT:HSW_N2_02(1.0),09/03/2023 23:00,A,NR,F41,FR,2017,7,b
ESTAT:HSW_N2_02(1.0),09/03/2023 23:00,A,NR,F41,FR,2018,8,
ESTAT:HSW_N2_02(1.0),09/03/2023 23:00,A,NR,F41,FR,2019,15,
ESTAT:HSW_N2_02(1.0),09/03/2023 23:00,A,NR,F41,FR,2020,16,b
ESTAT:HSW_N2_02(1.0),09/03/2023 23:00,A,NR,F41,HR,2011,7,
ESTAT:HSW_N2_02(1.0),09/03/2023 23:00,A,NR,F41,HR,2012,5,
ESTAT:HSW_N2_02(1.0),09/03/2023 23:00,A,NR,F41,HR,2013,1,
ESTAT:HSW_N2_02(1.0),09/03/2023 23:00,A,NR,F41,HR,2014,4,
ESTAT:HSW_N2_02(1.0),09/03/2023 23:00,A,NR,F41,HR,2015,2,
ESTAT:HSW_N2_02(1.0),09/03/2023 23:00,A,NR,F41,HR,2016,3,
ESTAT:HSW_N2_02(1.0),09/03/2023 23:00,A,NR,F41,HR,2017,6,
ESTAT:HSW_N2_02(1.0),09/03/2023 23:00,A,NR,F41,HR,2018,6,
ESTAT:HSW_N2_02(1.0),09/03/2023 23:00,A,NR,F41,HR,2019,6,
ESTAT:HSW_N2_02(1.0),09/03/2023 23:00,A,NR,F41,HR,2020,2,b
ESTAT:HSW_N2_02(1.0),09/03/2023 23:00,A,NR,F41,HU,2011,7,
ESTAT:HSW_N2_02(1.0),09/03/2023 23:00,A,NR,F41,HU,2012,3,
ESTAT:HSW_N2_02(1.0),09/03/2023 23:00,A,NR,F41,HU,2013,6,
ESTAT:HSW_N2_02(1.0),09/03/2023 23:00,A,NR,F41,HU,2014,8,
ESTAT:HSW_N2_02(1.0),09/03/2023 23:00,A,NR,F41,HU,2015,12,
ESTAT:HSW_N2_02(1.0),09/03/2023 23:00,A,NR,F41,HU,2016,8,
ESTAT:HSW_N2_02(1.0),09/03/2023 23:00,A,NR,F41,HU,2017,6,
ESTAT:HSW_N2_02(1.0),09/03/2023 23:00,A,NR,F41,HU,2018,9,
ESTAT:HSW_N2_02(1.0),09/03/2023 23:00,A,NR,F41,HU,2019,16,
ESTAT:HSW_N2_02(1.0),09/03/2023 23:00,A,NR,F41,HU,2020,9,b
ESTAT:HSW_N2_02(1.0),09/03/2023 23:00,A,NR,F41,IE,2011,1,
ESTAT:HSW_N2_02(1.0),09/03/2023 23:00,A,NR,F41,IE,2012,4,
ESTAT:HSW_N2_02(1.0),09/03/2023 23:00,A,NR,F41,IE,2013,6,
ESTAT:HSW_N2_02(1.0),09/03/2023 23:00,A,NR,F41,IE,2014,0,
ESTAT:HSW_N2_02(1.0),09/03/2023 23:00,A,NR,F41,IE,2015,3,
ESTAT:HSW_N2_02(1.0),09/03/2023 23:00,A,NR,F41,IE,2016,4,
ESTAT:HSW_N2_02(1.0),09/03/2023 23:00,A,NR,F41,IE,2017,2,
ESTAT:HSW_N2_02(1.0),09/03/2023 23:00,A,NR,F41,IE,2018,0,
ESTAT:HSW_N2_02(1.0),09/03/2023 23:00,A,NR,F41,IE,2019,8,
ESTAT:HSW_N2_02(1.0),09/03/2023 23:00,A,NR,F41,IE,2020,2,b
ESTAT:HSW_N2_02(1.0),09/03/2023 23:00,A,NR,F41,IS,2011,0,
ESTAT:HSW_N2_02(1.0),09/03/2023 23:00,A,NR,F41,IS,2012,0,
ESTAT:HSW_N2_02(1.0),09/03/2023 23:00,A,NR,F41,IS,2013,0,
ESTAT:HSW_N2_02(1.0),09/03/2023 23:00,A,NR,F41,IS,2014,1,
ESTAT:HSW_N2_02(1.0),09/03/2023 23:00,A,NR,F41,IS,2015,1,
ESTAT:HSW_N2_02(1.0),09/03/2023 23:00,A,NR,F41,IS,2016,1,
ESTAT:HSW_N2_02(1.0),09/03/2023 23:00,A,NR,F41,IS,2017,0,
ESTAT:HSW_N2_02(1.0),09/03/2023 23:00,A,NR,F41,IS,2018,1,
ESTAT:HSW_N2_02(1.0),09/03/2023 23:00,A,NR,F41,IS,2019,0,
ESTAT:HSW_N2_02(1.0),09/03/2023 23:00,A,NR,F41,IS,2020,0,b
ESTAT:HSW_N2_02(1.0),09/03/2023 23:00,A,NR,F41,IT,2011,64,
ESTAT:HSW_N2_02(1.0),09/03/2023 23:00,A,NR,F41,IT,2012,38,
ESTAT:HSW_N2_02(1.0),09/03/2023 23:00,A,NR,F41,IT,2013,43,
ESTAT:HSW_N2_02(1.0),09/03/2023 23:00,A,NR,F41,IT,2014,33,
ESTAT:HSW_N2_02(1.0),09/03/2023 23:00,A,NR,F41,IT,2015,47,
ESTAT:HSW_N2_02(1.0),09/03/2023 23:00,A,NR,F41,IT,2016,41,
ESTAT:HSW_N2_02(1.0),09/03/2023 23:00,A,NR,F41,IT,2017,34,
ESTAT:HSW_N2_02(1.0),09/03/2023 23:00,A,NR,F41,IT,2018,40,
ESTAT:HSW_N2_02(1.0),09/03/2023 23:00,A,NR,F41,IT,2019,32,
ESTAT:HSW_N2_02(1.0),09/03/2023 23:00,A,NR,F41,IT,2020,39,b
ESTAT:HSW_N2_02(1.0),09/03/2023 23:00,A,NR,F41,LT,2011,8,
ESTAT:HSW_N2_02(1.0),09/03/2023 23:00,A,NR,F41,LT,2012,5,
ESTAT:HSW_N2_02(1.0),09/03/2023 23:00,A,NR,F41,LT,2013,8,
ESTAT:HSW_N2_02(1.0),09/03/2023 23:00,A,NR,F41,LT,2014,7,
ESTAT:HSW_N2_02(1.0),09/03/2023 23:00,A,NR,F41,LT,2015,5,
ESTAT:HSW_N2_02(1.0),09/03/2023 23:00,A,NR,F41,LT,2016,2,
ESTAT:HSW_N2_02(1.0),09/03/2023 23:00,A,NR,F41,LT,2017,2,
ESTAT:HSW_N2_02(1.0),09/03/2023 23:00,A,NR,F41,LT,2018,4,
ESTAT:HSW_N2_02(1.0),09/03/2023 23:00,A,NR,F41,LT,2019,2,
ESTAT:HSW_N2_02(1.0),09/03/2023 23:00,A,NR,F41,LT,2020,3,b
ESTAT:HSW_N2_02(1.0),09/03/2023 23:00,A,NR,F41,LU,2011,0,
ESTAT:HSW_N2_02(1.0),09/03/2023 23:00,A,NR,F41,LU,2012,1,
ESTAT:HSW_N2_02(1.0),09/03/2023 23:00,A,NR,F41,LU,2013,0,
ESTAT:HSW_N2_02(1.0),09/03/2023 23:00,A,NR,F41,LU,2014,0,
ESTAT:HSW_N2_02(1.0),09/03/2023 23:00,A,NR,F41,LU,2015,2,
ESTAT:HSW_N2_02(1.0),09/03/2023 23:00,A,NR,F41,LU,2016,3,
ESTAT:HSW_N2_02(1.0),09/03/2023 23:00,A,NR,F41,LU,2017,1,
ESTAT:HSW_N2_02(1.0),09/03/2023 23:00,A,NR,F41,LU,2018,0,
ESTAT:HSW_N2_02(1.0),09/03/2023 23:00,A,NR,F41,LU,2019,1,
ESTAT:HSW_N2_02(1.0),09/03/2023 23:00,A,NR,F41,LU,2020,1,b
ESTAT:HSW_N2_02(1.0),09/03/2023 23:00,A,NR,F41,LV,2011,4,
ESTAT:HSW_N2_02(1.0),09/03/2023 23:00,A,NR,F41,LV,2012,3,
ESTAT:HSW_N2_02(1.0),09/03/2023 23:00,A,NR,F41,LV,2013,0,
ESTAT:HSW_N2_02(1.0),09/03/2023 23:00,A,NR,F41,LV,2014,1,
ESTAT:HSW_N2_02(1.0),09/03/2023 23:00,A,NR,F41,LV,2015,2,
ESTAT:HSW_N2_02(1.0),09/03/2023 23:00,A,NR,F41,LV,2016,0,
ESTAT:HSW_N2_02(1.0),09/03/2023 23:00,A,NR,F41,LV,2017,4,
ESTAT:HSW_N2_02(1.0),09/03/2023 23:00,A,NR,F41,LV,2018,1,
ESTAT:HSW_N2_02(1.0),09/03/2023 23:00,A,NR,F41,LV,2019,7,
ESTAT:HSW_N2_02(1.0),09/03/2023 23:00,A,NR,F41,LV,2020,2,b
ESTAT:HSW_N2_02(1.0),09/03/2023 23:00,A,NR,F41,MT,2011,0,
ESTAT:HSW_N2_02(1.0),09/03/2023 23:00,A,NR,F41,MT,2012,6,
ESTAT:HSW_N2_02(1.0),09/03/2023 23:00,A,NR,F41,MT,2013,1,
ESTAT:HSW_N2_02(1.0),09/03/2023 23:00,A,NR,F41,MT,2014,0,
ESTAT:HSW_N2_02(1.0),09/03/2023 23:00,A,NR,F41,MT,2015,2,
ESTAT:HSW_N2_02(1.0),09/03/2023 23:00,A,NR,F41,MT,2016,4,
ESTAT:HSW_N2_02(1.0),09/03/2023 23:00,A,NR,F41,MT,2017,1,
ESTAT:HSW_N2_02(1.0),09/03/2023 23:00,A,NR,F41,MT,2018,4,
ESTAT:HSW_N2_02(1.0),09/03/2023 23:00,A,NR,F41,MT,2019,3,
ESTAT:HSW_N2_02(1.0),09/03/2023 23:00,A,NR,F41,MT,2020,3,b
ESTAT:HSW_N2_02(1.0),09/03/2023 23:00,A,NR,F41,NL,2011,2,
ESTAT:HSW_N2_02(1.0),09/03/2023 23:00,A,NR,F41,NL,2012,2,
ESTAT:HSW_N2_02(1.0),09/03/2023 23:00,A,NR,F41,NL,2013,2,
ESTAT:HSW_N2_02(1.0),09/03/2023 23:00,A,NR,F41,NL,2014,2,b
ESTAT:HSW_N2_02(1.0),09/03/2023 23:00,A,NR,F41,NL,2015,3,
ESTAT:HSW_N2_02(1.0),09/03/2023 23:00,A,NR,F41,NL,2016,1,
ESTAT:HSW_N2_02(1.0),09/03/2023 23:00,A,NR,F41,NL,2017,2,
ESTAT:HSW_N2_02(1.0),09/03/2023 23:00,A,NR,F41,NL,2018,1,
ESTAT:HSW_N2_02(1.0),09/03/2023 23:00,A,NR,F41,NL,2019,1,
ESTAT:HSW_N2_02(1.0),09/03/2023 23:00,A,NR,F41,NL,2020,1,b
ESTAT:HSW_N2_02(1.0),09/03/2023 23:00,A,NR,F41,NO,2011,2,
ESTAT:HSW_N2_02(1.0),09/03/2023 23:00,A,NR,F41,NO,2012,4,
ESTAT:HSW_N2_02(1.0),09/03/2023 23:00,A,NR,F41,NO,2013,1,
ESTAT:HSW_N2_02(1.0),09/03/2023 23:00,A,NR,F41,NO,2014,3,b
ESTAT:HSW_N2_02(1.0),09/03/2023 23:00,A,NR,F41,NO,2015,0,
ESTAT:HSW_N2_02(1.0),09/03/2023 23:00,A,NR,F41,NO,2016,2,
ESTAT:HSW_N2_02(1.0),09/03/2023 23:00,A,NR,F41,NO,2017,1,
ESTAT:HSW_N2_02(1.0),09/03/2023 23:00,A,NR,F41,NO,2018,2,
ESTAT:HSW_N2_02(1.0),09/03/2023 23:00,A,NR,F41,NO,2019,1,
ESTAT:HSW_N2_02(1.0),09/03/2023 23:00,A,NR,F41,NO,2020,1,b
ESTAT:HSW_N2_02(1.0),09/03/2023 23:00,A,NR,F41,PL,2011,35,
ESTAT:HSW_N2_02(1.0),09/03/2023 23:00,A,NR,F41,PL,2012,32,
ESTAT:HSW_N2_02(1.0),09/03/2023 23:00,A,NR,F41,PL,2013,25,
ESTAT:HSW_N2_02(1.0),09/03/2023 23:00,A,NR,F41,PL,2014,19,
ESTAT:HSW_N2_02(1.0),09/03/2023 23:00,A,NR,F41,PL,2015,24,
ESTAT:HSW_N2_02(1.0),09/03/2023 23:00,A,NR,F41,PL,2016,15,
ESTAT:HSW_N2_02(1.0),09/03/2023 23:00,A,NR,F41,PL,2017,25,
ESTAT:HSW_N2_02(1.0),09/03/2023 23:00,A,NR,F41,PL,2018,18,
ESTAT:HSW_N2_02(1.0),09/03/2023 23:00,A,NR,F41,PL,2019,16,
ESTAT:HSW_N2_02(1.0),09/03/2023 23:00,A,NR,F41,PL,2020,19,b
ESTAT:HSW_N2_02(1.0),09/03/2023 23:00,A,NR,F41,PT,2011,28,
ESTAT:HSW_N2_02(1.0),09/03/2023 23:00,A,NR,F41,PT,2012,25,
ESTAT:HSW_N2_02(1.0),09/03/2023 23:00,A,NR,F41,PT,2013,24,
ESTAT:HSW_N2_02(1.0),09/03/2023 23:00,A,NR,F41,PT,2014,21,
ESTAT:HSW_N2_02(1.0),09/03/2023 23:00,A,NR,F41,PT,2015,25,
ESTAT:HSW_N2_02(1.0),09/03/2023 23:00,A,NR,F41,PT,2016,14,
ESTAT:HSW_N2_02(1.0),09/03/2023 23:00,A,NR,F41,PT,2017,23,
ESTAT:HSW_N2_02(1.0),09/03/2023 23:00,A,NR,F41,PT,2018,13,
ESTAT:HSW_N2_02(1.0),09/03/2023 23:00,A,NR,F41,PT,2019,17,
ESTAT:HSW_N2_02(1.0),09/03/2023 23:00,A,NR,F41,PT,2020,21,b
ESTAT:HSW_N2_02(1.0),09/03/2023 23:00,A,NR,F41,RO,2011,36,
ESTAT:HSW_N2_02(1.0),09/03/2023 23:00,A,NR,F41,RO,2012,39,
ESTAT:HSW_N2_02(1.0),09/03/2023 23:00,A,NR,F41,RO,2013,27,
ESTAT:HSW_N2_02(1.0),09/03/2023 23:00,A,NR,F41,RO,2014,35,
ESTAT:HSW_N2_02(1.0),09/03/2023 23:00,A,NR,F41,RO,2015,36,
ESTAT:HSW_N2_02(1.0),09/03/2023 23:00,A,NR,F41,RO,2016,32,
ESTAT:HSW_N2_02(1.0),09/03/2023 23:00,A,NR,F41,RO,2017,29,
ESTAT:HSW_N2_02(1.0),09/03/2023 23:00,A,NR,F41,RO,2018,22,
ESTAT:HSW_N2_02(1.0),09/03/2023 23:00,A,NR,F41,RO,2019,33,
ESTAT:HSW_N2_02(1.0),09/03/2023 23:00,A,NR,F41,RO,2020,29,b
ESTAT:HSW_N2_02(1.0),09/03/2023 23:00,A,NR,F41,SE,2011,1,
ESTAT:HSW_N2_02(1.0),09/03/2023 23:00,A,NR,F41,SE,2012,2,
ESTAT:HSW_N2_02(1.0),09/03/2023 23:00,A,NR,F41,SE,2013,0,
ESTAT:HSW_N2_02(1.0),09/03/2023 23:00,A,NR,F41,SE,2014,2,
ESTAT:HSW_N2_02(1.0),09/03/2023 23:00,A,NR,F41,SE,2015,1,
ESTAT:HSW_N2_02(1.0),09/03/2023 23:00,A,NR,F41,SE,2016,3,
ESTAT:HSW_N2_02(1.0),09/03/2023 23:00,A,NR,F41,SE,2017,2,
ESTAT:HSW_N2_02(1.0),09/03/2023 23:00,A,NR,F41,SE,2018,0,
ESTAT:HSW_N2_02(1.0),09/03/2023 23:00,A,NR,F41,SE,2019,2,
ESTAT:HSW_N2_02(1.0),09/03/2023 23:00,A,NR,F41,SE,2020,1,b
ESTAT:HSW_N2_02(1.0),09/03/2023 23:00,A,NR,F41,SI,2011,1,
ESTAT:HSW_N2_02(1.0),09/03/2023 23:00,A,NR,F41,SI,2012,3,
ESTAT:HSW_N2_02(1.0),09/03/2023 23:00,A,NR,F41,SI,2013,1,
ESTAT:HSW_N2_02(1.0),09/03/2023 23:00,A,NR,F41,SI,2014,2,
ESTAT:HSW_N2_02(1.0),09/03/2023 23:00,A,NR,F41,SI,2015,1,
ESTAT:HSW_N2_02(1.0),09/03/2023 23:00,A,NR,F41,SI,2016,0,
ESTAT:HSW_N2_02(1.0),09/03/2023 23:00,A,NR,F41,SI,2017,0,
ESTAT:HSW_N2_02(1.0),09/03/2023 23:00,A,NR,F41,SI,2018,1,
ESTAT:HSW_N2_02(1.0),09/03/2023 23:00,A,NR,F41,SI,2019,0,
ESTAT:HSW_N2_02(1.0),09/03/2023 23:00,A,NR,F41,SI,2020,1,b
ESTAT:HSW_N2_02(1.0),09/03/2023 23:00,A,NR,F41,SK,2011,1,
ESTAT:HSW_N2_02(1.0),09/03/2023 23:00,A,NR,F41,SK,2012,5,
ESTAT:HSW_N2_02(1.0),09/03/2023 23:00,A,NR,F41,SK,2013,5,
ESTAT:HSW_N2_02(1.0),09/03/2023 23:00,A,NR,F41,SK,2014,3,
ESTAT:HSW_N2_02(1.0),09/03/2023 23:00,A,NR,F41,SK,2015,6,
ESTAT:HSW_N2_02(1.0),09/03/2023 23:00,A,NR,F41,SK,2016,1,
ESTAT:HSW_N2_02(1.0),09/03/2023 23:00,A,NR,F41,SK,2017,3,
ESTAT:HSW_N2_02(1.0),09/03/2023 23:00,A,NR,F41,SK,2018,1,
ESTAT:HSW_N2_02(1.0),09/03/2023 23:00,A,NR,F41,SK,2019,2,
ESTAT:HSW_N2_02(1.0),09/03/2023 23:00,A,NR,F41,SK,2020,3,b
ESTAT:HSW_N2_02(1.0),09/03/2023 23:00,A,NR,F41,UK,2011,16,
ESTAT:HSW_N2_02(1.0),09/03/2023 23:00,A,NR,F41,UK,2012,23,
ESTAT:HSW_N2_02(1.0),09/03/2023 23:00,A,NR,F41,UK,2013,14,
ESTAT:HSW_N2_02(1.0),09/03/2023 23:00,A,NR,F41,UK,2014,23,
ESTAT:HSW_N2_02(1.0),09/03/2023 23:00,A,NR,F41,UK,2015,16,
ESTAT:HSW_N2_02(1.0),09/03/2023 23:00,A,NR,F41,UK,2016,17,
ESTAT:HSW_N2_02(1.0),09/03/2023 23:00,A,NR,F41,UK,2017,17,
ESTAT:HSW_N2_02(1.0),09/03/2023 23:00,A,NR,F41,UK,2018,12,
ESTAT:HSW_N2_02(1.0),09/03/2023 23:00,A,NR,F42,AT,2011,3,
ESTAT:HSW_N2_02(1.0),09/03/2023 23:00,A,NR,F42,AT,2012,7,
ESTAT:HSW_N2_02(1.0),09/03/2023 23:00,A,NR,F42,AT,2013,6,
ESTAT:HSW_N2_02(1.0),09/03/2023 23:00,A,NR,F42,AT,2014,3,
ESTAT:HSW_N2_02(1.0),09/03/2023 23:00,A,NR,F42,AT,2015,3,
ESTAT:HSW_N2_02(1.0),09/03/2023 23:00,A,NR,F42,AT,2016,6,
ESTAT:HSW_N2_02(1.0),09/03/2023 23:00,A,NR,F42,AT,2017,5,
ESTAT:HSW_N2_02(1.0),09/03/2023 23:00,A,NR,F42,AT,2018,2,
ESTAT:HSW_N2_02(1.0),09/03/2023 23:00,A,NR,F42,AT,2019,1,
ESTAT:HSW_N2_02(1.0),09/03/2023 23:00,A,NR,F42,AT,2020,1,b
ESTAT:HSW_N2_02(1.0),09/03/2023 23:00,A,NR,F42,BE,2011,5,
ESTAT:HSW_N2_02(1.0),09/03/2023 23:00,A,NR,F42,BE,2012,1,
ESTAT:HSW_N2_02(1.0),09/03/2023 23:00,A,NR,F42,BE,2013,4,
ESTAT:HSW_N2_02(1.0),09/03/2023 23:00,A,NR,F42,BE,2014,1,b
ESTAT:HSW_N2_02(1.0),09/03/2023 23:00,A,NR,F42,BE,2015,4,
ESTAT:HSW_N2_02(1.0),09/03/2023 23:00,A,NR,F42,BE,2016,4,
ESTAT:HSW_N2_02(1.0),09/03/2023 23:00,A,NR,F42,BE,2017,1,
ESTAT:HSW_N2_02(1.0),09/03/2023 23:00,A,NR,F42,BE,2018,3,
ESTAT:HSW_N2_02(1.0),09/03/2023 23:00,A,NR,F42,BE,2019,2,
ESTAT:HSW_N2_02(1.0),09/03/2023 23:00,A,NR,F42,BE,2020,2,b
ESTAT:HSW_N2_02(1.0),09/03/2023 23:00,A,NR,F42,BG,2011,9,
ESTAT:HSW_N2_02(1.0),09/03/2023 23:00,A,NR,F42,BG,2012,7,
ESTAT:HSW_N2_02(1.0),09/03/2023 23:00,A,NR,F42,BG,2013,11,
ESTAT:HSW_N2_02(1.0),09/03/2023 23:00,A,NR,F42,BG,2014,5,
ESTAT:HSW_N2_02(1.0),09/03/2023 23:00,A,NR,F42,BG,2015,7,
ESTAT:HSW_N2_02(1.0),09/03/2023 23:00,A,NR,F42,BG,2016,6,
ESTAT:HSW_N2_02(1.0),09/03/2023 23:00,A,NR,F42,BG,2017,4,
ESTAT:HSW_N2_02(1.0),09/03/2023 23:00,A,NR,F42,BG,2018,5,
ESTAT:HSW_N2_02(1.0),09/03/2023 23:00,A,NR,F42,BG,2019,6,
ESTAT:HSW_N2_02(1.0),09/03/2023 23:00,A,NR,F42,BG,2020,8,b
ESTAT:HSW_N2_02(1.0),09/03/2023 23:00,A,NR,F42,CH,2011,0,
ESTAT:HSW_N2_02(1.0),09/03/2023 23:00,A,NR,F42,CH,2012,3,
ESTAT:HSW_N2_02(1.0),09/03/2023 23:00,A,NR,F42,CH,2013,1,
ESTAT:HSW_N2_02(1.0),09/03/2023 23:00,A,NR,F42,CH,2014,3,
ESTAT:HSW_N2_02(1.0),09/03/2023 23:00,A,NR,F42,CH,2015,1,
ESTAT:HSW_N2_02(1.0),09/03/2023 23:00,A,NR,F42,CH,2016,6,
ESTAT:HSW_N2_02(1.0),09/03/2023 23:00,A,NR,F42,CH,2017,3,
ESTAT:HSW_N2_02(1.0),09/03/2023 23:00,A,NR,F42,CH,2018,5,
ESTAT:HSW_N2_02(1.0),09/03/2023 23:00,A,NR,F42,CH,2019,0,
ESTAT:HSW_N2_02(1.0),09/03/2023 23:00,A,NR,F42,CH,2020,1,b
ESTAT:HSW_N2_02(1.0),09/03/2023 23:00,A,NR,F42,CY,2011,1,
ESTAT:HSW_N2_02(1.0),09/03/2023 23:00,A,NR,F42,CY,2012,0,
ESTAT:HSW_N2_02(1.0),09/03/2023 23:00,A,NR,F42,CY,2013,0,
ESTAT:HSW_N2_02(1.0),09/03/2023 23:00,A,NR,F42,CY,2014,1,
ESTAT:HSW_N2_02(1.0),09/03/2023 23:00,A,NR,F42,CY,2015,0,
ESTAT:HSW_N2_02(1.0),09/03/2023 23:00,A,NR,F42,CY,2016,0,
ESTAT:HSW_N2_02(1.0),09/03/2023 23:00,A,NR,F42,CY,2017,0,
ESTAT:HSW_N2_02(1.0),09/03/2023 23:00,A,NR,F42,CY,2018,0,
ESTAT:HSW_N2_02(1.0),09/03/2023 23:00,A,NR,F42,CY,2019,0,
ESTAT:HSW_N2_02(1.0),09/03/2023 23:00,A,NR,F42,CY,2020,1,b
ESTAT:HSW_N2_02(1.0),09/03/2023 23:00,A,NR,F42,CZ,2011,4,
ESTAT:HSW_N2_02(1.0),09/03/2023 23:00,A,NR,F42,CZ,2012,7,
ESTAT:HSW_N2_02(1.0),09/03/2023 23:00,A,NR,F42,CZ,2013,4,
ESTAT:HSW_N2_02(1.0),09/03/2023 23:00,A,NR,F42,CZ,2014,9,
ESTAT:HSW_N2_02(1.0),09/03/2023 23:00,A,NR,F42,CZ,2015,5,
ESTAT:HSW_N2_02(1.0),09/03/2023 23:00,A,NR,F42,CZ,2016,3,
ESTAT:HSW_N2_02(1.0),09/03/2023 23:00,A,NR,F42,CZ,2017,1,
ESTAT:HSW_N2_02(1.0),09/03/2023 23:00,A,NR,F42,CZ,2018,7,
ESTAT:HSW_N2_02(1.0),09/03/2023 23:00,A,NR,F42,CZ,2019,3,
ESTAT:HSW_N2_02(1.0),09/03/2023 23:00,A,NR,F42,CZ,2020,11,b
ESTAT:HSW_N2_02(1.0),09/03/2023 23:00,A,NR,F42,DE,2011,14,
ESTAT:HSW_N2_02(1.0),09/03/2023 23:00,A,NR,F42,DE,2012,22,
ESTAT:HSW_N2_02(1.0),09/03/2023 23:00,A,NR,F42,DE,2013,18,
ESTAT:HSW_N2_02(1.0),09/03/2023 23:00,A,NR,F42,DE,2014,25,
ESTAT:HSW_N2_02(1.0),09/03/2023 23:00,A,NR,F42,DE,2015,22,
ESTAT:HSW_N2_02(1.0),09/03/2023 23:00,A,NR,F42,DE,2016,14,
ESTAT:HSW_N2_02(1.0),09/03/2023 23:00,A,NR,F42,DE,2017,17,
ESTAT:HSW_N2_02(1.0),09/03/2023 23:00,A,NR,F42,DE,2018,23,
ESTAT:HSW_N2_02(1.0),09/03/2023 23:00,A,NR,F42,DE,2019,19,
ESTAT:HSW_N2_02(1.0),09/03/2023 23:00,A,NR,F42,DE,2020,16,b
ESTAT:HSW_N2_02(1.0),09/03/2023 23:00,A,NR,F42,DK,2011,1,
ESTAT:HSW_N2_02(1.0),09/03/2023 23:00,A,NR,F42,DK,2012,0,
ESTAT:HSW_N2_02(1.0),09/03/2023 23:00,A,NR,F42,DK,2013,1,
ESTAT:HSW_N2_02(1.0),09/03/2023 23:00,A,NR,F42,DK,2014,1,
ESTAT:HSW_N2_02(1.0),09/03/2023 23:00,A,NR,F42,DK,2015,1,
ESTAT:HSW_N2_02(1.0),09/03/2023 23:00,A,NR,F42,DK,2016,1,
ESTAT:HSW_N2_02(1.0),09/03/2023 23:00,A,NR,F42,DK,2017,0,
ESTAT:HSW_N2_02(1.0),09/03/2023 23:00,A,NR,F42,DK,2018,0,
ESTAT:HSW_N2_02(1.0),09/03/2023 23:00,A,NR,F42,DK,2019,1,
ESTAT:HSW_N2_02(1.0),09/03/2023 23:00,A,NR,F42,DK,2020,2,b
ESTAT:HSW_N2_02(1.0),09/03/2023 23:00,A,NR,F42,EE,2011,1,
ESTAT:HSW_N2_02(1.0),09/03/2023 23:00,A,NR,F42,EE,2012,2,
ESTAT:HSW_N2_02(1.0),09/03/2023 23:00,A,NR,F42,EE,2013,3,
ESTAT:HSW_N2_02(1.0),09/03/2023 23:00,A,NR,F42,EE,2014,1,
ESTAT:HSW_N2_02(1.0),09/03/2023 23:00,A,NR,F42,EE,2015,1,
ESTAT:HSW_N2_02(1.0),09/03/2023 23:00,A,NR,F42,EE,2016,4,
ESTAT:HSW_N2_02(1.0),09/03/2023 23:00,A,NR,F42,EE,2017,0,
ESTAT:HSW_N2_02(1.0),09/03/2023 23:00,A,NR,F42,EE,2018,0,
ESTAT:HSW_N2_02(1.0),09/03/2023 23:00,A,NR,F42,EE,2019,1,
ESTAT:HSW_N2_02(1.0),09/03/2023 23:00,A,NR,F42,EE,2020,0,b
ESTAT:HSW_N2_02(1.0),09/03/2023 23:00,A,NR,F42,EL,2011,5,
ESTAT:HSW_N2_02(1.0),09/03/2023 23:00,A,NR,F42,EL,2012,1,
ESTAT:HSW_N2_02(1.0),09/03/2023 23:00,A,NR,F42,EL,2013,0,
ESTAT:HSW_N2_02(1.0),09/03/2023 23:00,A,NR,F42,EL,2014,1,b
ESTAT:HSW_N2_02(1.0),09/03/2023 23:00,A,NR,F42,EL,2015,2,
ESTAT:HSW_N2_02(1.0),09/03/2023 23:00,A,NR,F42,EL,2016,3,
ESTAT:HSW_N2_02(1.0),09/03/2023 23:00,A,NR,F42,EL,2017,0,
ESTAT:HSW_N2_02(1.0),09/03/2023 23:00,A,NR,F42,EL,2018,2,
ESTAT:HSW_N2_02(1.0),09/03/2023 23:00,A,NR,F42,EL,2019,3,
ESTAT:HSW_N2_02(1.0),09/03/2023 23:00,A,NR,F42,EL,2020,4,b
ESTAT:HSW_N2_02(1.0),09/03/2023 23:00,A,NR,F42,ES,2011,13,b
ESTAT:HSW_N2_02(1.0),09/03/2023 23:00,A,NR,F42,ES,2012,9,
ESTAT:HSW_N2_02(1.0),09/03/2023 23:00,A,NR,F42,ES,2013,2,
ESTAT:HSW_N2_02(1.0),09/03/2023 23:00,A,NR,F42,ES,2014,4,
ESTAT:HSW_N2_02(1.0),09/03/2023 23:00,A,NR,F42,ES,2015,3,
ESTAT:HSW_N2_02(1.0),09/03/2023 23:00,A,NR,F42,ES,2016,1,
ESTAT:HSW_N2_02(1.0),09/03/2023 23:00,A,NR,F42,ES,2017,9,
ESTAT:HSW_N2_02(1.0),09/03/2023 23:00,A,NR,F42,ES,2018,7,
ESTAT:HSW_N2_02(1.0),09/03/2023 23:00,A,NR,F42,ES,2019,5,b
ESTAT:HSW_N2_02(1.0),09/03/2023 23:00,A,NR,F42,ES,2020,6,b
ESTAT:HSW_N2_02(1.0),09/03/2023 23:00,A,NR,F42,EU15,2011,102,
ESTAT:HSW_N2_02(1.0),09/03/2023 23:00,A,NR,F42,EU15,2012,82,
ESTAT:HSW_N2_02(1.0),09/03/2023 23:00,A,NR,F42,EU15,2013,71,
ESTAT:HSW_N2_02(1.0),09/03/2023 23:00,A,NR,F42,EU15,2014,90,
ESTAT:HSW_N2_02(1.0),09/03/2023 23:00,A,NR,F42,EU15,2015,83,
ESTAT:HSW_N2_02(1.0),09/03/2023 23:00,A,NR,F42,EU15,2016,87,
ESTAT:HSW_N2_02(1.0),09/03/2023 23:00,A,NR,F42,EU15,2017,76,
ESTAT:HSW_N2_02(1.0),09/03/2023 23:00,A,NR,F42,EU15,2018,82,
ESTAT:HSW_N2_02(1.0),09/03/2023 23:00,A,NR,F42,EU27_2007,2011,168,
ESTAT:HSW_N2_02(1.0),09/03/2023 23:00,A,NR,F42,EU27_2007,2012,153,
ESTAT:HSW_N2_02(1.0),09/03/2023 23:00,A,NR,F42,EU27_2007,2013,136,
ESTAT:HSW_N2_02(1.0),09/03/2023 23:00,A,NR,F42,EU27_2007,2014,143,
ESTAT:HSW_N2_02(1.0),09/03/2023 23:00,A,NR,F42,EU27_2007,2015,134,
ESTAT:HSW_N2_02(1.0),09/03/2023 23:00,A,NR,F42,EU27_2007,2016,130,
ESTAT:HSW_N2_02(1.0),09/03/2023 23:00,A,NR,F42,EU27_2007,2017,116,
ESTAT:HSW_N2_02(1.0),09/03/2023 23:00,A,NR,F42,EU27_2007,2018,123,
ESTAT:HSW_N2_02(1.0),09/03/2023 23:00,A,NR,F42,EU27_2020,2011,163,
ESTAT:HSW_N2_02(1.0),09/03/2023 23:00,A,NR,F42,EU27_2020,2012,157,
ESTAT:HSW_N2_02(1.0),09/03/2023 23:00,A,NR,F42,EU27_2020,2013,136,
ESTAT:HSW_N2_02(1.0),09/03/2023 23:00,A,NR,F42,EU27_2020,2014,140,
ESTAT:HSW_N2_02(1.0),09/03/2023 23:00,A,NR,F42,EU27_2020,2015,130,
ESTAT:HSW_N2_02(1.0),09/03/2023 23:00,A,NR,F42,EU27_2020,2016,124,
ESTAT:HSW_N2_02(1.0),09/03/2023 23:00,A,NR,F42,EU27_2020,2017,107,
ESTAT:HSW_N2_02(1.0),09/03/2023 23:00,A,NR,F42,EU27_2020,2018,121,
ESTAT:HSW_N2_02(1.0),09/03/2023 23:00,A,NR,F42,EU27_2020,2019,116,
ESTAT:HSW_N2_02(1.0),09/03/2023 23:00,A,NR,F42,EU27_2020,2020,102,b
ESTAT:HSW_N2_02(1.0),09/03/2023 23:00,A,NR,F42,EU28,2011,170,
ESTAT:HSW_N2_02(1.0),09/03/2023 23:00,A,NR,F42,EU28,2012,159,
ESTAT:HSW_N2_02(1.0),09/03/2023 23:00,A,NR,F42,EU28,2013,141,
ESTAT:HSW_N2_02(1.0),09/03/2023 23:00,A,NR,F42,EU28,2014,145,
ESTAT:HSW_N2_02(1.0),09/03/2023 23:00,A,NR,F42,EU28,2015,138,
ESTAT:HSW_N2_02(1.0),09/03/2023 23:00,A,NR,F42,EU28,2016,136,
ESTAT:HSW_N2_02(1.0),09/03/2023 23:00,A,NR,F42,EU28,2017,116,
ESTAT:HSW_N2_02(1.0),09/03/2023 23:00,A,NR,F42,EU28,2018,125,
ESTAT:HSW_N2_02(1.0),09/03/2023 23:00,A,NR,F42,FI,2011,0,
ESTAT:HSW_N2_02(1.0),09/03/2023 23:00,A,NR,F42,FI,2012,0,
ESTAT:HSW_N2_02(1.0),09/03/2023 23:00,A,NR,F42,FI,2013,0,
ESTAT:HSW_N2_02(1.0),09/03/2023 23:00,A,NR,F42,FI,2014,3,
ESTAT:HSW_N2_02(1.0),09/03/2023 23:00,A,NR,F42,FI,2015,0,
ESTAT:HSW_N2_02(1.0),09/03/2023 23:00,A,NR,F42,FI,2016,1,
ESTAT:HSW_N2_02(1.0),09/03/2023 23:00,A,NR,F42,FI,2017,0,
ESTAT:HSW_N2_02(1.0),09/03/2023 23:00,A,NR,F42,FI,2018,0,
ESTAT:HSW_N2_02(1.0),09/03/2023 23:00,A,NR,F42,FI,2019,1,
ESTAT:HSW_N2_02(1.0),09/03/2023 23:00,A,NR,F42,FI,2020,1,b
ESTAT:HSW_N2_02(1.0),09/03/2023 23:00,A,NR,F42,FR,2011,25,
ESTAT:HSW_N2_02(1.0),09/03/2023 23:00,A,NR,F42,FR,2012,14,
ESTAT:HSW_N2_02(1.0),09/03/2023 23:00,A,NR,F42,FR,2013,12,
ESTAT:HSW_N2_02(1.0),09/03/2023 23:00,A,NR,F42,FR,2014,19,b
ESTAT:HSW_N2_02(1.0),09/03/2023 23:00,A,NR,F42,FR,2015,15,
ESTAT:HSW_N2_02(1.0),09/03/2023 23:00,A,NR,F42,FR,2016,18,
ESTAT:HSW_N2_02(1.0),09/03/2023 23:00,A,NR,F42,FR,2017,15,b
ESTAT:HSW_N2_02(1.0),09/03/2023 23:00,A,NR,F42,FR,2018,14,
ESTAT:HSW_N2_02(1.0),09/03/2023 23:00,A,NR,F42,FR,2019,19,
ESTAT:HSW_N2_02(1.0),09/03/2023 23:00,A,NR,F42,FR,2020,8,b
ESTAT:HSW_N2_02(1.0),09/03/2023 23:00,A,NR,F42,HR,2011,2,
ESTAT:HSW_N2_02(1.0),09/03/2023 23:00,A,NR,F42,HR,2012,6,
ESTAT:HSW_N2_02(1.0),09/03/2023 23:00,A,NR,F42,HR,2013,5,
ESTAT:HSW_N2_02(1.0),09/03/2023 23:00,A,NR,F42,HR,2014,2,
ESTAT:HSW_N2_02(1.0),09/03/2023 23:00,A,NR,F42,HR,2015,4,
ESTAT:HSW_N2_02(1.0),09/03/2023 23:00,A,NR,F42,HR,2016,6,
ESTAT:HSW_N2_02(1.0),09/03/2023 23:00,A,NR,F42,HR,2017,0,
ESTAT:HSW_N2_02(1.0),09/03/2023 23:00,A,NR,F42,HR,2018,2,
ESTAT:HSW_N2_02(1.0),09/03/2023 23:00,A,NR,F42,HR,2019,1,
ESTAT:HSW_N2_02(1.0),09/03/2023 23:00,A,NR,F42,HR,2020,3,b
ESTAT:HSW_N2_02(1.0),09/03/2023 23:00,A,NR,F42,HU,2011,6,
ESTAT:HSW_N2_02(1.0),09/03/2023 23:00,A,NR,F42,HU,2012,5,
ESTAT:HSW_N2_02(1.0),09/03/2023 23:00,A,NR,F42,HU,2013,4,
ESTAT:HSW_N2_02(1.0),09/03/2023 23:00,A,NR,F42,HU,2014,1,
ESTAT:HSW_N2_02(1.0),09/03/2023 23:00,A,NR,F42,HU,2015,6,
ESTAT:HSW_N2_02(1.0),09/03/2023 23:00,A,NR,F42,HU,2016,2,
ESTAT:HSW_N2_02(1.0),09/03/2023 23:00,A,NR,F42,HU,2017,4,
ESTAT:HSW_N2_02(1.0),09/03/2023 23:00,A,NR,F42,HU,2018,3,
ESTAT:HSW_N2_02(1.0),09/03/2023 23:00,A,NR,F42,HU,2019,1,
ESTAT:HSW_N2_02(1.0),09/03/2023 23:00,A,NR,F42,HU,2020,8,b
ESTAT:HSW_N2_02(1.0),09/03/2023 23:00,A,NR,F42,IE,2011,1,
ESTAT:HSW_N2_02(1.0),09/03/2023 23:00,A,NR,F42,IE,2012,1,
ESTAT:HSW_N2_02(1.0),09/03/2023 23:00,A,NR,F42,IE,2013,2,
ESTAT:HSW_N2_02(1.0),09/03/2023 23:00,A,NR,F42,IE,2014,1,
ESTAT:HSW_N2_02(1.0),09/03/2023 23:00,A,NR,F42,IE,2015,1,
ESTAT:HSW_N2_02(1.0),09/03/2023 23:00,A,NR,F42,IE,2016,2,
ESTAT:HSW_N2_02(1.0),09/03/2023 23:00,A,NR,F42,IE,2017,0,
ESTAT:HSW_N2_02(1.0),09/03/2023 23:00,A,NR,F42,IE,2018,1,
ESTAT:HSW_N2_02(1.0),09/03/2023 23:00,A,NR,F42,IE,2019,1,
ESTAT:HSW_N2_02(1.0),09/03/2023 23:00,A,NR,F42,IE,2020,3,b
ESTAT:HSW_N2_02(1.0),09/03/2023 23:00,A,NR,F42,IS,2011,0,
ESTAT:HSW_N2_02(1.0),09/03/2023 23:00,A,NR,F42,IS,2012,0,
ESTAT:HSW_N2_02(1.0),09/03/2023 23:00,A,NR,F42,IS,2013,0,
ESTAT:HSW_N2_02(1.0),09/03/2023 23:00,A,NR,F42,IS,2014,0,
ESTAT:HSW_N2_02(1.0),09/03/2023 23:00,A,NR,F42,IS,2015,0,
ESTAT:HSW_N2_02(1.0),09/03/2023 23:00,A,NR,F42,IS,2016,0,
ESTAT:HSW_N2_02(1.0),09/03/2023 23:00,A,NR,F42,IS,2017,0,
ESTAT:HSW_N2_02(1.0),09/03/2023 23:00,A,NR,F42,IS,2018,0,
ESTAT:HSW_N2_02(1.0),09/03/2023 23:00,A,NR,F42,IS,2019,0,
ESTAT:HSW_N2_02(1.0),09/03/2023 23:00,A,NR,F42,IS,2020,0,b
ESTAT:HSW_N2_02(1.0),09/03/2023 23:00,A,NR,F42,IT,2011,12,
ESTAT:HSW_N2_02(1.0),09/03/2023 23:00,A,NR,F42,IT,2012,8,
ESTAT:HSW_N2_02(1.0),09/03/2023 23:00,A,NR,F42,IT,2013,11,
ESTAT:HSW_N2_02(1.0),09/03/2023 23:00,A,NR,F42,IT,2014,11,
ESTAT:HSW_N2_02(1.0),09/03/2023 23:00,A,NR,F42,IT,2015,13,
ESTAT:HSW_N2_02(1.0),09/03/2023 23:00,A,NR,F42,IT,2016,11,
ESTAT:HSW_N2_02(1.0),09/03/2023 23:00,A,NR,F42,IT,2017,10,
ESTAT:HSW_N2_02(1.0),09/03/2023 23:00,A,NR,F42,IT,2018,12,
ESTAT:HSW_N2_02(1.0),09/03/2023 23:00,A,NR,F42,IT,2019,10,
ESTAT:HSW_N2_02(1.0),09/03/2023 23:00,A,NR,F42,IT,2020,8,b
ESTAT:HSW_N2_02(1.0),09/03/2023 23:00,A,NR,F42,LT,2011,3,
ESTAT:HSW_N2_02(1.0),09/03/2023 23:00,A,NR,F42,LT,2012,3,
ESTAT:HSW_N2_02(1.0),09/03/2023 23:00,A,NR,F42,LT,2013,4,
ESTAT:HSW_N2_02(1.0),09/03/2023 23:00,A,NR,F42,LT,2014,2,
ESTAT:HSW_N2_02(1.0),09/03/2023 23:00,A,NR,F42,LT,2015,2,
ESTAT:HSW_N2_02(1.0),09/03/2023 23:00,A,NR,F42,LT,2016,3,
ESTAT:HSW_N2_02(1.0),09/03/2023 23:00,A,NR,F42,LT,2017,2,
ESTAT:HSW_N2_02(1.0),09/03/2023 23:00,A,NR,F42,LT,2018,0,
ESTAT:HSW_N2_02(1.0),09/03/2023 23:00,A,NR,F42,LT,2019,3,
ESTAT:HSW_N2_02(1.0),09/03/2023 23:00,A,NR,F42,LT,2020,1,b
ESTAT:HSW_N2_02(1.0),09/03/2023 23:00,A,NR,F42,LU,2011,0,
ESTAT:HSW_N2_02(1.0),09/03/2023 23:00,A,NR,F42,LU,2012,0,
ESTAT:HSW_N2_02(1.0),09/03/2023 23:00,A,NR,F42,LU,2013,0,
ESTAT:HSW_N2_02(1.0),09/03/2023 23:00,A,NR,F42,LU,2014,1,
ESTAT:HSW_N2_02(1.0),09/03/2023 23:00,A,NR,F42,LU,2015,0,
ESTAT:HSW_N2_02(1.0),09/03/2023 23:00,A,NR,F42,LU,2016,1,
ESTAT:HSW_N2_02(1.0),09/03/2023 23:00,A,NR,F42,LU,2017,0,
ESTAT:HSW_N2_02(1.0),09/03/2023 23:00,A,NR,F42,LU,2018,1,
ESTAT:HSW_N2_02(1.0),09/03/2023 23:00,A,NR,F42,LU,2019,0,
ESTAT:HSW_N2_02(1.0),09/03/2023 23:00,A,NR,F42,LU,2020,0,b
ESTAT:HSW_N2_02(1.0),09/03/2023 23:00,A,NR,F42,LV,2011,5,
ESTAT:HSW_N2_02(1.0),09/03/2023 23:00,A,NR,F42,LV,2012,3,
ESTAT:HSW_N2_02(1.0),09/03/2023 23:00,A,NR,F42,LV,2013,1,
ESTAT:HSW_N2_02(1.0),09/03/2023 23:00,A,NR,F42,LV,2014,1,
ESTAT:HSW_N2_02(1.0),09/03/2023 23:00,A,NR,F42,LV,2015,0,
ESTAT:HSW_N2_02(1.0),09/03/2023 23:00,A,NR,F42,LV,2016,3,
ESTAT:HSW_N2_02(1.0),09/03/2023 23:00,A,NR,F42,LV,2017,0,
ESTAT:HSW_N2_02(1.0),09/03/2023 23:00,A,NR,F42,LV,2018,2,
ESTAT:HSW_N2_02(1.0),09/03/2023 23:00,A,NR,F42,LV,2019,3,
ESTAT:HSW_N2_02(1.0),09/03/2023 23:00,A,NR,F42,LV,2020,1,b
ESTAT:HSW_N2_02(1.0),09/03/2023 23:00,A,NR,F42,MT,2011,0,
ESTAT:HSW_N2_02(1.0),09/03/2023 23:00,A,NR,F42,MT,2012,0,
ESTAT:HSW_N2_02(1.0),09/03/2023 23:00,A,NR,F42,MT,2013,0,
ESTAT:HSW_N2_02(1.0),09/03/2023 23:00,A,NR,F42,MT,2014,0,
ESTAT:HSW_N2_02(1.0),09/03/2023 23:00,A,NR,F42,MT,2015,0,
ESTAT:HSW_N2_02(1.0),09/03/2023 23:00,A,NR,F42,MT,2016,0,
ESTAT:HSW_N2_02(1.0),09/03/2023 23:00,A,NR,F42,MT,2017,0,
ESTAT:HSW_N2_02(1.0),09/03/2023 23:00,A,NR,F42,MT,2018,0,
ESTAT:HSW_N2_02(1.0),09/03/2023 23:00,A,NR,F42,MT,2019,0,
ESTAT:HSW_N2_02(1.0),09/03/2023 23:00,A,NR,F42,MT,2020,0,b
ESTAT:HSW_N2_02(1.0),09/03/2023 23:00,A,NR,F42,NL,2011,0,
ESTAT:HSW_N2_02(1.0),09/03/2023 23:00,A,NR,F42,NL,2012,1,
ESTAT:HSW_N2_02(1.0),09/03/2023 23:00,A,NR,F42,NL,2013,1,
ESTAT:HSW_N2_02(1.0),09/03/2023 23:00,A,NR,F42,NL,2014,1,b
ESTAT:HSW_N2_02(1.0),09/03/2023 23:00,A,NR,F42,NL,2015,0,
ESTAT:HSW_N2_02(1.0),09/03/2023 23:00,A,NR,F42,NL,2016,1,
ESTAT:HSW_N2_02(1.0),09/03/2023 23:00,A,NR,F42,NL,2017,1,
ESTAT:HSW_N2_02(1.0),09/03/2023 23:00,A,NR,F42,NL,2018,1,
ESTAT:HSW_N2_02(1.0),09/03/2023 23:00,A,NR,F42,NL,2019,0,
ESTAT:HSW_N2_02(1.0),09/03/2023 23:00,A,NR,F42,NL,2020,1,b
ESTAT:HSW_N2_02(1.0),09/03/2023 23:00,A,NR,F42,NO,2011,1,
ESTAT:HSW_N2_02(1.0),09/03/2023 23:00,A,NR,F42,NO,2012,2,
ESTAT:HSW_N2_02(1.0),09/03/2023 23:00,A,NR,F42,NO,2013,3,
ESTAT:HSW_N2_02(1.0),09/03/2023 23:00,A,NR,F42,NO,2014,1,b
ESTAT:HSW_N2_02(1.0),09/03/2023 23:00,A,NR,F42,NO,2015,0,
ESTAT:HSW_N2_02(1.0),09/03/2023 23:00,A,NR,F42,NO,2016,3,
ESTAT:HSW_N2_02(1.0),09/03/2023 23:00,A,NR,F42,NO,2017,0,
ESTAT:HSW_N2_02(1.0),09/03/2023 23:00,A,NR,F42,NO,2018,0,
ESTAT:HSW_N2_02(1.0),09/03/2023 23:00,A,NR,F42,NO,2019,2,
ESTAT:HSW_N2_02(1.0),09/03/2023 23:00,A,NR,F42,NO,2020,3,b
ESTAT:HSW_N2_02(1.0),09/03/2023 23:00,A,NR,F42,PL,2011,26,
ESTAT:HSW_N2_02(1.0),09/03/2023 23:00,A,NR,F42,PL,2012,25,
ESTAT:HSW_N2_02(1.0),09/03/2023 23:00,A,NR,F42,PL,2013,19,
ESTAT:HSW_N2_02(1.0),09/03/2023 23:00,A,NR,F42,PL,2014,14,
ESTAT:HSW_N2_02(1.0),09/03/2023 23:00,A,NR,F42,PL,2015,19,
ESTAT:HSW_N2_02(1.0),09/03/2023 23:00,A,NR,F42,PL,2016,15,
ESTAT:HSW_N2_02(1.0),09/03/2023 23:00,A,NR,F42,PL,2017,14,
ESTAT:HSW_N2_02(1.0),09/03/2023 23:00,A,NR,F42,PL,2018,14,
ESTAT:HSW_N2_02(1.0),09/03/2023 23:00,A,NR,F42,PL,2019,15,
ESTAT:HSW_N2_02(1.0),09/03/2023 23:00,A,NR,F42,PL,2020,4,b
ESTAT:HSW_N2_02(1.0),09/03/2023 23:00,A,NR,F42,PT,2011,12,
ESTAT:HSW_N2_02(1.0),09/03/2023 23:00,A,NR,F42,PT,2012,15,
ESTAT:HSW_N2_02(1.0),09/03/2023 23:00,A,NR,F42,PT,2013,7,
ESTAT:HSW_N2_02(1.0),09/03/2023 23:00,A,NR,F42,PT,2014,12,
ESTAT:HSW_N2_02(1.0),09/03/2023 23:00,A,NR,F42,PT,2015,11,
ESTAT:HSW_N2_02(1.0),09/03/2023 23:00,A,NR,F42,PT,2016,12,
ESTAT:HSW_N2_02(1.0),09/03/2023 23:00,A,NR,F42,PT,2017,9,
ESTAT:HSW_N2_02(1.0),09/03/2023 23:00,A,NR,F42,PT,2018,7,
ESTAT:HSW_N2_02(1.0),09/03/2023 23:00,A,NR,F42,PT,2019,3,
ESTAT:HSW_N2_02(1.0),09/03/2023 23:00,A,NR,F42,PT,2020,5,b
ESTAT:HSW_N2_02(1.0),09/03/2023 23:00,A,NR,F42,RO,2011,9,
ESTAT:HSW_N2_02(1.0),09/03/2023 23:00,A,NR,F42,RO,2012,14,
ESTAT:HSW_N2_02(1.0),09/03/2023 23:00,A,NR,F42,RO,2013,16,
ESTAT:HSW_N2_02(1.0),09/03/2023 23:00,A,NR,F42,RO,2014,17,
ESTAT:HSW_N2_02(1.0),09/03/2023 23:00,A,NR,F42,RO,2015,10,
ESTAT:HSW_N2_02(1.0),09/03/2023 23:00,A,NR,F42,RO,2016,7,
ESTAT:HSW_N2_02(1.0),09/03/2023 23:00,A,NR,F42,RO,2017,11,
ESTAT:HSW_N2_02(1.0),09/03/2023 23:00,A,NR,F42,RO,2018,8,
ESTAT:HSW_N2_02(1.0),09/03/2023 23:00,A,NR,F42,RO,2019,14,
ESTAT:HSW_N2_02(1.0),09/03/2023 23:00,A,NR,F42,RO,2020,4,b
ESTAT:HSW_N2_02(1.0),09/03/2023 23:00,A,NR,F42,SE,2011,4,
ESTAT:HSW_N2_02(1.0),09/03/2023 23:00,A,NR,F42,SE,2012,1,
ESTAT:HSW_N2_02(1.0),09/03/2023 23:00,A,NR,F42,SE,2013,2,
ESTAT:HSW_N2_02(1.0),09/03/2023 23:00,A,NR,F42,SE,2014,2,
ESTAT:HSW_N2_02(1.0),09/03/2023 23:00,A,NR,F42,SE,2015,0,
ESTAT:HSW_N2_02(1.0),09/03/2023 23:00,A,NR,F42,SE,2016,0,
ESTAT:HSW_N2_02(1.0),09/03/2023 23:00,A,NR,F42,SE,2017,0,
ESTAT:HSW_N2_02(1.0),09/03/2023 23:00,A,NR,F42,SE,2018,5,
ESTAT:HSW_N2_02(1.0),09/03/2023 23:00,A,NR,F42,SE,2019,0,
ESTAT:HSW_N2_02(1.0),09/03/2023 23:00,A,NR,F42,SE,2020,2,b
ESTAT:HSW_N2_02(1.0),09/03/2023 23:00,A,NR,F42,SI,2011,2,
ESTAT:HSW_N2_02(1.0),09/03/2023 23:00,A,NR,F42,SI,2012,2,
ESTAT:HSW_N2_02(1.0),09/03/2023 23:00,A,NR,F42,SI,2013,1,
ESTAT:HSW_N2_02(1.0),09/03/2023 23:00,A,NR,F42,SI,2014,1,
ESTAT:HSW_N2_02(1.0),09/03/2023 23:00,A,NR,F42,SI,2015,1,
ESTAT:HSW_N2_02(1.0),09/03/2023 23:00,A,NR,F42,SI,2016,0,
ESTAT:HSW_N2_02(1.0),09/03/2023 23:00,A,NR,F42,SI,2017,2,
ESTAT:HSW_N2_02(1.0),09/03/2023 23:00,A,NR,F42,SI,2018,1,
ESTAT:HSW_N2_02(1.0),09/03/2023 23:00,A,NR,F42,SI,2019,1,
ESTAT:HSW_N2_02(1.0),09/03/2023 23:00,A,NR,F42,SI,2020,1,b
ESTAT:HSW_N2_02(1.0),09/03/2023 23:00,A,NR,F42,SK,2011,0,
ESTAT:HSW_N2_02(1.0),09/03/2023 23:00,A,NR,F42,SK,2012,3,
ESTAT:HSW_N2_02(1.0),09/03/2023 23:00,A,NR,F42,SK,2013,2,
ESTAT:HSW_N2_02(1.0),09/03/2023 23:00,A,NR,F42,SK,2014,1,
ESTAT:HSW_N2_02(1.0),09/03/2023 23:00,A,NR,F42,SK,2015,0,
ESTAT:HSW_N2_02(1.0),09/03/2023 23:00,A,NR,F42,SK,2016,0,
ESTAT:HSW_N2_02(1.0),09/03/2023 23:00,A,NR,F42,SK,2017,2,
ESTAT:HSW_N2_02(1.0),09/03/2023 23:00,A,NR,F42,SK,2018,1,
ESTAT:HSW_N2_02(1.0),09/03/2023 23:00,A,NR,F42,SK,2019,3,
ESTAT:HSW_N2_02(1.0),09/03/2023 23:00,A,NR,F42,SK,2020,1,b
ESTAT:HSW_N2_02(1.0),09/03/2023 23:00,A,NR,F42,UK,2011,7,
ESTAT:HSW_N2_02(1.0),09/03/2023 23:00,A,NR,F42,UK,2012,2,
ESTAT:HSW_N2_02(1.0),09/03/2023 23:00,A,NR,F42,UK,2013,5,
ESTAT:HSW_N2_02(1.0),09/03/2023 23:00,A,NR,F42,UK,2014,5,
ESTAT:HSW_N2_02(1.0),09/03/2023 23:00,A,NR,F42,UK,2015,8,
ESTAT:HSW_N2_02(1.0),09/03/2023 23:00,A,NR,F42,UK,2016,12,
ESTAT:HSW_N2_02(1.0),09/03/2023 23:00,A,NR,F42,UK,2017,9,
ESTAT:HSW_N2_02(1.0),09/03/2023 23:00,A,NR,F42,UK,2018,4,
ESTAT:HSW_N2_02(1.0),09/03/2023 23:00,A,NR,F43,AT,2011,2,
ESTAT:HSW_N2_02(1.0),09/03/2023 23:00,A,NR,F43,AT,2012,18,
ESTAT:HSW_N2_02(1.0),09/03/2023 23:00,A,NR,F43,AT,2013,12,
ESTAT:HSW_N2_02(1.0),09/03/2023 23:00,A,NR,F43,AT,2014,9,
ESTAT:HSW_N2_02(1.0),09/03/2023 23:00,A,NR,F43,AT,2015,5,
ESTAT:HSW_N2_02(1.0),09/03/2023 23:00,A,NR,F43,AT,2016,6,
ESTAT:HSW_N2_02(1.0),09/03/2023 23:00,A,NR,F43,AT,2017,11,
ESTAT:HSW_N2_02(1.0),09/03/2023 23:00,A,NR,F43,AT,2018,13,
ESTAT:HSW_N2_02(1.0),09/03/2023 23:00,A,NR,F43,AT,2019,12,
ESTAT:HSW_N2_02(1.0),09/03/2023 23:00,A,NR,F43,AT,2020,7,b
ESTAT:HSW_N2_02(1.0),09/03/2023 23:00,A,NR,F43,BE,2011,7,
ESTAT:HSW_N2_02(1.0),09/03/2023 23:00,A,NR,F43,BE,2012,8,
ESTAT:HSW_N2_02(1.0),09/03/2023 23:00,A,NR,F43,BE,2013,7,
ESTAT:HSW_N2_02(1.0),09/03/2023 23:00,A,NR,F43,BE,2014,8,b
ESTAT:HSW_N2_02(1.0),09/03/2023 23:00,A,NR,F43,BE,2015,7,
ESTAT:HSW_N2_02(1.0),09/03/2023 23:00,A,NR,F43,BE,2016,10,
ESTAT:HSW_N2_02(1.0),09/03/2023 23:00,A,NR,F43,BE,2017,8,
ESTAT:HSW_N2_02(1.0),09/03/2023 23:00,A,NR,F43,BE,2018,9,
ESTAT:HSW_N2_02(1.0),09/03/2023 23:00,A,NR,F43,BE,2019,3,
ESTAT:HSW_N2_02(1.0),09/03/2023 23:00,A,NR,F43,BE,2020,6,b
ESTAT:HSW_N2_02(1.0),09/03/2023 23:00,A,NR,F43,BG,2011,5,
ESTAT:HSW_N2_02(1.0),09/03/2023 23:00,A,NR,F43,BG,2012,6,
ESTAT:HSW_N2_02(1.0),09/03/2023 23:00,A,NR,F43,BG,2013,4,
ESTAT:HSW_N2_02(1.0),09/03/2023 23:00,A,NR,F43,BG,2014,9,
ESTAT:HSW_N2_02(1.0),09/03/2023 23:00,A,NR,F43,BG,2015,5,
ESTAT:HSW_N2_02(1.0),09/03/2023 23:00,A,NR,F43,BG,2016,6,
ESTAT:HSW_N2_02(1.0),09/03/2023 23:00,A,NR,F43,BG,2017,11,
ESTAT:HSW_N2_02(1.0),09/03/2023 23:00,A,NR,F43,BG,2018,8,
ESTAT:HSW_N2_02(1.0),09/03/2023 23:00,A,NR,F43,BG,2019,5,
ESTAT:HSW_N2_02(1.0),09/03/2023 23:00,A,NR,F43,BG,2020,7,b
ESTAT:HSW_N2_02(1.0),09/03/2023 23:00,A,NR,F43,CH,2011,5,
ESTAT:HSW_N2_02(1.0),09/03/2023 23:00,A,NR,F43,CH,2012,10,
ESTAT:HSW_N2_02(1.0),09/03/2023 23:00,A,NR,F43,CH,2013,6,
ESTAT:HSW_N2_02(1.0),09/03/2023 23:00,A,NR,F43,CH,2014,11,
ESTAT:HSW_N2_02(1.0),09/03/2023 23:00,A,NR,F43,CH,2015,6,
ESTAT:HSW_N2_02(1.0),09/03/2023 23:00,A,NR,F43,CH,2016,10,
ESTAT:HSW_N2_02(1.0),09/03/2023 23:00,A,NR,F43,CH,2017,8,
ESTAT:HSW_N2_02(1.0),09/03/2023 23:00,A,NR,F43,CH,2018,8,
ESTAT:HSW_N2_02(1.0),09/03/2023 23:00,A,NR,F43,CH,2019,9,
ESTAT:HSW_N2_02(1.0),09/03/2023 23:00,A,NR,F43,CH,2020,6,b
ESTAT:HSW_N2_02(1.0),09/03/2023 23:00,A,NR,F43,CY,2011,0,
ESTAT:HSW_N2_02(1.0),09/03/2023 23:00,A,NR,F43,CY,2012,0,
ESTAT:HSW_N2_02(1.0),09/03/2023 23:00,A,NR,F43,CY,2013,2,
ESTAT:HSW_N2_02(1.0),09/03/2023 23:00,A,NR,F43,CY,2014,0,
ESTAT:HSW_N2_02(1.0),09/03/2023 23:00,A,NR,F43,CY,2015,1,
ESTAT:HSW_N2_02(1.0),09/03/2023 23:00,A,NR,F43,CY,2016,0,
ESTAT:HSW_N2_02(1.0),09/03/2023 23:00,A,NR,F43,CY,2017,0,
ESTAT:HSW_N2_02(1.0),09/03/2023 23:00,A,NR,F43,CY,2018,0,
ESTAT:HSW_N2_02(1.0),09/03/2023 23:00,A,NR,F43,CY,2019,1,
ESTAT:HSW_N2_02(1.0),09/03/2023 23:00,A,NR,F43,CY,2020,4,b
ESTAT:HSW_N2_02(1.0),09/03/2023 23:00,A,NR,F43,CZ,2011,13,
ESTAT:HSW_N2_02(1.0),09/03/2023 23:00,A,NR,F43,CZ,2012,6,
ESTAT:HSW_N2_02(1.0),09/03/2023 23:00,A,NR,F43,CZ,2013,10,
ESTAT:HSW_N2_02(1.0),09/03/2023 23:00,A,NR,F43,CZ,2014,8,
ESTAT:HSW_N2_02(1.0),09/03/2023 23:00,A,NR,F43,CZ,2015,17,
ESTAT:HSW_N2_02(1.0),09/03/2023 23:00,A,NR,F43,CZ,2016,6,
ESTAT:HSW_N2_02(1.0),09/03/2023 23:00,A,NR,F43,CZ,2017,9,
ESTAT:HSW_N2_02(1.0),09/03/2023 23:00,A,NR,F43,CZ,2018,5,
ESTAT:HSW_N2_02(1.0),09/03/2023 23:00,A,NR,F43,CZ,2019,5,
ESTAT:HSW_N2_02(1.0),09/03/2023 23:00,A,NR,F43,CZ,2020,10,b
ESTAT:HSW_N2_02(1.0),09/03/2023 23:00,A,NR,F43,DE,2011,89,
ESTAT:HSW_N2_02(1.0),09/03/2023 23:00,A,NR,F43,DE,2012,74,
ESTAT:HSW_N2_02(1.0),09/03/2023 23:00,A,NR,F43,DE,2013,61,
ESTAT:HSW_N2_02(1.0),09/03/2023 23:00,A,NR,F43,DE,2014,73,
ESTAT:HSW_N2_02(1.0),09/03/2023 23:00,A,NR,F43,DE,2015,66,
ESTAT:HSW_N2_02(1.0),09/03/2023 23:00,A,NR,F43,DE,2016,59,
ESTAT:HSW_N2_02(1.0),09/03/2023 23:00,A,NR,F43,DE,2017,72,
ESTAT:HSW_N2_02(1.0),09/03/2023 23:00,A,NR,F43,DE,2018,40,
ESTAT:HSW_N2_02(1.0),09/03/2023 23:00,A,NR,F43,DE,2019,31,
ESTAT:HSW_N2_02(1.0),09/03/2023 23:00,A,NR,F43,DE,2020,47,b
ESTAT:HSW_N2_02(1.0),09/03/2023 23:00,A,NR,F43,DK,2011,6,
ESTAT:HSW_N2_02(1.0),09/03/2023 23:00,A,NR,F43,DK,2012,5,
ESTAT:HSW_N2_02(1.0),09/03/2023 23:00,A,NR,F43,DK,2013,2,
ESTAT:HSW_N2_02(1.0),09/03/2023 23:00,A,NR,F43,DK,2014,3,
ESTAT:HSW_N2_02(1.0),09/03/2023 23:00,A,NR,F43,DK,2015,3,
ESTAT:HSW_N2_02(1.0),09/03/2023 23:00,A,NR,F43,DK,2016,2,
ESTAT:HSW_N2_02(1.0),09/03/2023 23:00,A,NR,F43,DK,2017,3,
ESTAT:HSW_N2_02(1.0),09/03/2023 23:00,A,NR,F43,DK,2018,2,
ESTAT:HSW_N2_02(1.0),09/03/2023 23:00,A,NR,F43,DK,2019,1,
ESTAT:HSW_N2_02(1.0),09/03/2023 23:00,A,NR,F43,DK,2020,3,b
ESTAT:HSW_N2_02(1.0),09/03/2023 23:00,A,NR,F43,EE,2011,1,
ESTAT:HSW_N2_02(1.0),09/03/2023 23:00,A,NR,F43,EE,2012,1,
ESTAT:HSW_N2_02(1.0),09/03/2023 23:00,A,NR,F43,EE,2013,3,
ESTAT:HSW_N2_02(1.0),09/03/2023 23:00,A,NR,F43,EE,2014,2,
ESTAT:HSW_N2_02(1.0),09/03/2023 23:00,A,NR,F43,EE,2015,0,
ESTAT:HSW_N2_02(1.0),09/03/2023 23:00,A,NR,F43,EE,2016,3,
ESTAT:HSW_N2_02(1.0),09/03/2023 23:00,A,NR,F43,EE,2017,0,
ESTAT:HSW_N2_02(1.0),09/03/2023 23:00,A,NR,F43,EE,2018,2,
ESTAT:HSW_N2_02(1.0),09/03/2023 23:00,A,NR,F43,EE,2019,4,
ESTAT:HSW_N2_02(1.0),09/03/2023 23:00,A,NR,F43,EE,2020,1,b
ESTAT:HSW_N2_02(1.0),09/03/2023 23:00,A,NR,F43,EL,2011,5,
ESTAT:HSW_N2_02(1.0),09/03/2023 23:00,A,NR,F43,EL,2012,1,
ESTAT:HSW_N2_02(1.0),09/03/2023 23:00,A,NR,F43,EL,2013,4,
ESTAT:HSW_N2_02(1.0),09/03/2023 23:00,A,NR,F43,EL,2014,4,b
ESTAT:HSW_N2_02(1.0),09/03/2023 23:00,A,NR,F43,EL,2015,3,
ESTAT:HSW_N2_02(1.0),09/03/2023 23:00,A,NR,F43,EL,2016,3,
ESTAT:HSW_N2_02(1.0),09/03/2023 23:00,A,NR,F43,EL,2017,1,
ESTAT:HSW_N2_02(1.0),09/03/2023 23:00,A,NR,F43,EL,2018,3,
ESTAT:HSW_N2_02(1.0),09/03/2023 23:00,A,NR,F43,EL,2019,3,
ESTAT:HSW_N2_02(1.0),09/03/2023 23:00,A,NR,F43,EL,2020,4,b
ESTAT:HSW_N2_02(1.0),09/03/2023 23:00,A,NR,F43,ES,2011,54,b
ESTAT:HSW_N2_02(1.0),09/03/2023 23:00,A,NR,F43,ES,2012,42,
ESTAT:HSW_N2_02(1.0),09/03/2023 23:00,A,NR,F43,ES,2013,35,
ESTAT:HSW_N2_02(1.0),09/03/2023 23:00,A,NR,F43,ES,2014,33,
ESTAT:HSW_N2_02(1.0),09/03/2023 23:00,A,NR,F43,ES,2015,44,
ESTAT:HSW_N2_02(1.0),09/03/2023 23:00,A,NR,F43,ES,2016,31,
ESTAT:HSW_N2_02(1.0),09/03/2023 23:00,A,NR,F43,ES,2017,35,
ESTAT:HSW_N2_02(1.0),09/03/2023 23:00,A,NR,F43,ES,2018,37,
ESTAT:HSW_N2_02(1.0),09/03/2023 23:00,A,NR,F43,ES,2019,52,b
ESTAT:HSW_N2_02(1.0),09/03/2023 23:00,A,NR,F43,ES,2020,54,b
ESTAT:HSW_N2_02(1.0),09/03/2023 23:00,A,NR,F43,EU15,2011,390,
ESTAT:HSW_N2_02(1.0),09/03/2023 23:00,A,NR,F43,EU15,2012,360,
ESTAT:HSW_N2_02(1.0),09/03/2023 23:00,A,NR,F43,EU15,2013,333,
ESTAT:HSW_N2_02(1.0),09/03/2023 23:00,A,NR,F43,EU15,2014,343,
ESTAT:HSW_N2_02(1.0),09/03/2023 23:00,A,NR,F43,EU15,2015,339,
ESTAT:HSW_N2_02(1.0),09/03/2023 23:00,A,NR,F43,EU15,2016,302,
ESTAT:HSW_N2_02(1.0),09/03/2023 23:00,A,NR,F43,EU15,2017,306,
ESTAT:HSW_N2_02(1.0),09/03/2023 23:00,A,NR,F43,EU15,2018,301,
ESTAT:HSW_N2_02(1.0),09/03/2023 23:00,A,NR,F43,EU27_2007,2011,473,
ESTAT:HSW_N2_02(1.0),09/03/2023 23:00,A,NR,F43,EU27_2007,2012,440,
ESTAT:HSW_N2_02(1.0),09/03/2023 23:00,A,NR,F43,EU27_2007,2013,410,
ESTAT:HSW_N2_02(1.0),09/03/2023 23:00,A,NR,F43,EU27_2007,2014,423,
ESTAT:HSW_N2_02(1.0),09/03/2023 23:00,A,NR,F43,EU27_2007,2015,422,
ESTAT:HSW_N2_02(1.0),09/03/2023 23:00,A,NR,F43,EU27_2007,2016,372,
ESTAT:HSW_N2_02(1.0),09/03/2023 23:00,A,NR,F43,EU27_2007,2017,380,
ESTAT:HSW_N2_02(1.0),09/03/2023 23:00,A,NR,F43,EU27_2007,2018,365,
ESTAT:HSW_N2_02(1.0),09/03/2023 23:00,A,NR,F43,EU27_2020,2011,449,
ESTAT:HSW_N2_02(1.0),09/03/2023 23:00,A,NR,F43,EU27_2020,2012,429,
ESTAT:HSW_N2_02(1.0),09/03/2023 23:00,A,NR,F43,EU27_2020,2013,380,
ESTAT:HSW_N2_02(1.0),09/03/2023 23:00,A,NR,F43,EU27_2020,2014,400,
ESTAT:HSW_N2_02(1.0),09/03/2023 23:00,A,NR,F43,EU27_2020,2015,399,
ESTAT:HSW_N2_02(1.0),09/03/2023 23:00,A,NR,F43,EU27_2020,2016,358,
ESTAT:HSW_N2_02(1.0),09/03/2023 23:00,A,NR,F43,EU27_2020,2017,357,
ESTAT:HSW_N2_02(1.0),09/03/2023 23:00,A,NR,F43,EU27_2020,2018,351,
ESTAT:HSW_N2_02(1.0),09/03/2023 23:00,A,NR,F43,EU27_2020,2019,370,
ESTAT:HSW_N2_02(1.0),09/03/2023 23:00,A,NR,F43,EU27_2020,2020,347,b
ESTAT:HSW_N2_02(1.0),09/03/2023 23:00,A,NR,F43,EU28,2011,479,
ESTAT:HSW_N2_02(1.0),09/03/2023 23:00,A,NR,F43,EU28,2012,447,
ESTAT:HSW_N2_02(1.0),09/03/2023 23:00,A,NR,F43,EU28,2013,412,
ESTAT:HSW_N2_02(1.0),09/03/2023 23:00,A,NR,F43,EU28,2014,423,
ESTAT:HSW_N2_02(1.0),09/03/2023 23:00,A,NR,F43,EU28,2015,423,
ESTAT:HSW_N2_02(1.0),09/03/2023 23:00,A,NR,F43,EU28,2016,374,
ESTAT:HSW_N2_02(1.0),09/03/2023 23:00,A,NR,F43,EU28,2017,385,
ESTAT:HSW_N2_02(1.0),09/03/2023 23:00,A,NR,F43,EU28,2018,369,
ESTAT:HSW_N2_02(1.0),09/03/2023 23:00,A,NR,F43,FI,2011,4,
ESTAT:HSW_N2_02(1.0),09/03/2023 23:00,A,NR,F43,FI,2012,5,
ESTAT:HSW_N2_02(1.0),09/03/2023 23:00,A,NR,F43,FI,2013,2,
ESTAT:HSW_N2_02(1.0),09/03/2023 23:00,A,NR,F43,FI,2014,4,
ESTAT:HSW_N2_02(1.0),09/03/2023 23:00,A,NR,F43,FI,2015,2,
ESTAT:HSW_N2_02(1.0),09/03/2023 23:00,A,NR,F43,FI,2016,5,
ESTAT:HSW_N2_02(1.0),09/03/2023 23:00,A,NR,F43,FI,2017,2,
ESTAT:HSW_N2_02(1.0),09/03/2023 23:00,A,NR,F43,FI,2018,4,
ESTAT:HSW_N2_02(1.0),09/03/2023 23:00,A,NR,F43,FI,2019,3,
ESTAT:HSW_N2_02(1.0),09/03/2023 23:00,A,NR,F43,FI,2020,3,b
ESTAT:HSW_N2_02(1.0),09/03/2023 23:00,A,NR,F43,FR,2011,94,
ESTAT:HSW_N2_02(1.0),09/03/2023 23:00,A,NR,F43,FR,2012,99,
ESTAT:HSW_N2_02(1.0),09/03/2023 23:00,A,NR,F43,FR,2013,111,
ESTAT:HSW_N2_02(1.0),09/03/2023 23:00,A,NR,F43,FR,2014,99,b
ESTAT:HSW_N2_02(1.0),09/03/2023 23:00,A,NR,F43,FR,2015,89,
ESTAT:HSW_N2_02(1.0),09/03/2023 23:00,A,NR,F43,FR,2016,83,
ESTAT:HSW_N2_02(1.0),09/03/2023 23:00,A,NR,F43,FR,2017,83,b
ESTAT:HSW_N2_02(1.0),09/03/2023 23:00,A,NR,F43,FR,2018,79,
ESTAT:HSW_N2_02(1.0),09/03/2023 23:00,A,NR,F43,FR,2019,126,
ESTAT:HSW_N2_02(1.0),09/03/2023 23:00,A,NR,F43,FR,2020,66,b
ESTAT:HSW_N2_02(1.0),09/03/2023 23:00,A,NR,F43,HR,2011,6,
ESTAT:HSW_N2_02(1.0),09/03/2023 23:00,A,NR,F43,HR,2012,7,
ESTAT:HSW_N2_02(1.0),09/03/2023 23:00,A,NR,F43,HR,2013,2,
ESTAT:HSW_N2_02(1.0),09/03/2023 23:00,A,NR,F43,HR,2014,0,
ESTAT:HSW_N2_02(1.0),09/03/2023 23:00,A,NR,F43,HR,2015,1,
ESTAT:HSW_N2_02(1.0),09/03/2023 23:00,A,NR,F43,HR,2016,2,
ESTAT:HSW_N2_02(1.0),09/03/2023 23:00,A,NR,F43,HR,2017,5,
ESTAT:HSW_N2_02(1.0),09/03/2023 23:00,A,NR,F43,HR,2018,4,
ESTAT:HSW_N2_02(1.0),09/03/2023 23:00,A,NR,F43,HR,2019,5,
ESTAT:HSW_N2_02(1.0),09/03/2023 23:00,A,NR,F43,HR,2020,12,b
ESTAT:HSW_N2_02(1.0),09/03/2023 23:00,A,NR,F43,HU,2011,5,
ESTAT:HSW_N2_02(1.0),09/03/2023 23:00,A,NR,F43,HU,2012,10,
ESTAT:HSW_N2_02(1.0),09/03/2023 23:00,A,NR,F43,HU,2013,8,
ESTAT:HSW_N2_02(1.0),09/03/2023 23:00,A,NR,F43,HU,2014,10,
ESTAT:HSW_N2_02(1.0),09/03/2023 23:00,A,NR,F43,HU,2015,6,
ESTAT:HSW_N2_02(1.0),09/03/2023 23:00,A,NR,F43,HU,2016,6,
ESTAT:HSW_N2_02(1.0),09/03/2023 23:00,A,NR,F43,HU,2017,12,
ESTAT:HSW_N2_02(1.0),09/03/2023 23:00,A,NR,F43,HU,2018,10,
ESTAT:HSW_N2_02(1.0),09/03/2023 23:00,A,NR,F43,HU,2019,12,
ESTAT:HSW_N2_02(1.0),09/03/2023 23:00,A,NR,F43,HU,2020,9,b
ESTAT:HSW_N2_02(1.0),09/03/2023 23:00,A,NR,F43,IE,2011,3,
ESTAT:HSW_N2_02(1.0),09/03/2023 23:00,A,NR,F43,IE,2012,2,
ESTAT:HSW_N2_02(1.0),09/03/2023 23:00,A,NR,F43,IE,2013,2,
ESTAT:HSW_N2_02(1.0),09/03/2023 23:00,A,NR,F43,IE,2014,5,
ESTAT:HSW_N2_02(1.0),09/03/2023 23:00,A,NR,F43,IE,2015,6,
ESTAT:HSW_N2_02(1.0),09/03/2023 23:00,A,NR,F43,IE,2016,3,
ESTAT:HSW_N2_02(1.0),09/03/2023 23:00,A,NR,F43,IE,2017,2,
ESTAT:HSW_N2_02(1.0),09/03/2023 23:00,A,NR,F43,IE,2018,4,
ESTAT:HSW_N2_02(1.0),09/03/2023 23:00,A,NR,F43,IE,2019,3,
ESTAT:HSW_N2_02(1.0),09/03/2023 23:00,A,NR,F43,IE,2020,7,b
ESTAT:HSW_N2_02(1.0),09/03/2023 23:00,A,NR,F43,IS,2011,0,
ESTAT:HSW_N2_02(1.0),09/03/2023 23:00,A,NR,F43,IS,2012,0,
ESTAT:HSW_N2_02(1.0),09/03/2023 23:00,A,NR,F43,IS,2013,0,
ESTAT:HSW_N2_02(1.0),09/03/2023 23:00,A,NR,F43,IS,2014,0,
ESTAT:HSW_N2_02(1.0),09/03/2023 23:00,A,NR,F43,IS,2015,0,
ESTAT:HSW_N2_02(1.0),09/03/2023 23:00,A,NR,F43,IS,2016,0,
ESTAT:HSW_N2_02(1.0),09/03/2023 23:00,A,NR,F43,IS,2017,0,
ESTAT:HSW_N2_02(1.0),09/03/2023 23:00,A,NR,F43,IS,2018,1,
ESTAT:HSW_N2_02(1.0),09/03/2023 23:00,A,NR,F43,IS,2019,0,
ESTAT:HSW_N2_02(1.0),09/03/2023 23:00,A,NR,F43,IS,2020,2,b
ESTAT:HSW_N2_02(1.0),09/03/2023 23:00,A,NR,F43,IT,2011,67,
ESTAT:HSW_N2_02(1.0),09/03/2023 23:00,A,NR,F43,IT,2012,64,
ESTAT:HSW_N2_02(1.0),09/03/2023 23:00,A,NR,F43,IT,2013,47,
ESTAT:HSW_N2_02(1.0),09/03/2023 23:00,A,NR,F43,IT,2014,61,
ESTAT:HSW_N2_02(1.0),09/03/2023 23:00,A,NR,F43,IT,2015,73,
ESTAT:HSW_N2_02(1.0),09/03/2023 23:00,A,NR,F43,IT,2016,63,
ESTAT:HSW_N2_02(1.0),09/03/2023 23:00,A,NR,F43,IT,2017,45,
ESTAT:HSW_N2_02(1.0),09/03/2023 23:00,A,NR,F43,IT,2018,71,
ESTAT:HSW_N2_02(1.0),09/03/2023 23:00,A,NR,F43,IT,2019,50,
ESTAT:HSW_N2_02(1.0),09/03/2023 23:00,A,NR,F43,IT,2020,56,b
ESTAT:HSW_N2_02(1.0),09/03/2023 23:00,A,NR,F43,LT,2011,2,
ESTAT:HSW_N2_02(1.0),09/03/2023 23:00,A,NR,F43,LT,2012,8,
ESTAT:HSW_N2_02(1.0),09/03/2023 23:00,A,NR,F43,LT,2013,5,
ESTAT:HSW_N2_02(1.0),09/03/2023 23:00,A,NR,F43,LT,2014,3,
ESTAT:HSW_N2_02(1.0),09/03/2023 23:00,A,NR,F43,LT,2015,7,
ESTAT:HSW_N2_02(1.0),09/03/2023 23:00,A,NR,F43,LT,2016,3,
ESTAT:HSW_N2_02(1.0),09/03/2023 23:00,A,NR,F43,LT,2017,0,
ESTAT:HSW_N2_02(1.0),09/03/2023 23:00,A,NR,F43,LT,2018,2,
ESTAT:HSW_N2_02(1.0),09/03/2023 23:00,A,NR,F43,LT,2019,2,
ESTAT:HSW_N2_02(1.0),09/03/2023 23:00,A,NR,F43,LT,2020,2,b
ESTAT:HSW_N2_02(1.0),09/03/2023 23:00,A,NR,F43,LU,2011,2,
ESTAT:HSW_N2_02(1.0),09/03/2023 23:00,A,NR,F43,LU,2012,1,
ESTAT:HSW_N2_02(1.0),09/03/2023 23:00,A,NR,F43,LU,2013,1,
ESTAT:HSW_N2_02(1.0),09/03/2023 23:00,A,NR,F43,LU,2014,1,
ESTAT:HSW_N2_02(1.0),09/03/2023 23:00,A,NR,F43,LU,2015,0,
ESTAT:HSW_N2_02(1.0),09/03/2023 23:00,A,NR,F43,LU,2016,2,
ESTAT:HSW_N2_02(1.0),09/03/2023 23:00,A,NR,F43,LU,2017,0,
ESTAT:HSW_N2_02(1.0),09/03/2023 23:00,A,NR,F43,LU,2018,4,
ESTAT:HSW_N2_02(1.0),09/03/2023 23:00,A,NR,F43,LU,2019,1,
ESTAT:HSW_N2_02(1.0),09/03/2023 23:00,A,NR,F43,LU,2020,0,b
ESTAT:HSW_N2_02(1.0),09/03/2023 23:00,A,NR,F43,LV,2011,1,
ESTAT:HSW_N2_02(1.0),09/03/2023 23:00,A,NR,F43,LV,2012,5,
ESTAT:HSW_N2_02(1.0),09/03/2023 23:00,A,NR,F43,LV,2013,2,
ESTAT:HSW_N2_02(1.0),09/03/2023 23:00,A,NR,F43,LV,2014,3,
ESTAT:HSW_N2_02(1.0),09/03/2023 23:00,A,NR,F43,LV,2015,0,
ESTAT:HSW_N2_02(1.0),09/03/2023 23:00,A,NR,F43,LV,2016,2,
ESTAT:HSW_N2_02(1.0),09/03/2023 23:00,A,NR,F43,LV,2017,1,
ESTAT:HSW_N2_02(1.0),09/03/2023 23:00,A,NR,F43,LV,2018,1,
ESTAT:HSW_N2_02(1.0),09/03/2023 23:00,A,NR,F43,LV,2019,0,
ESTAT:HSW_N2_02(1.0),09/03/2023 23:00,A,NR,F43,LV,2020,0,b
ESTAT:HSW_N2_02(1.0),09/03/2023 23:00,A,NR,F43,MT,2011,0,
ESTAT:HSW_N2_02(1.0),09/03/2023 23:00,A,NR,F43,MT,2012,0,
ESTAT:HSW_N2_02(1.0),09/03/2023 23:00,A,NR,F43,MT,2013,0,
ESTAT:HSW_N2_02(1.0),09/03/2023 23:00,A,NR,F43,MT,2014,1,
ESTAT:HSW_N2_02(1.0),09/03/2023 23:00,A,NR,F43,MT,2015,0,
ESTAT:HSW_N2_02(1.0),09/03/2023 23:00,A,NR,F43,MT,2016,0,
ESTAT:HSW_N2_02(1.0),09/03/2023 23:00,A,NR,F43,MT,2017,0,
ESTAT:HSW_N2_02(1.0),09/03/2023 23:00,A,NR,F43,MT,2018,0,
ESTAT:HSW_N2_02(1.0),09/03/2023 23:00,A,NR,F43,MT,2019,0,
ESTAT:HSW_N2_02(1.0),09/03/2023 23:00,A,NR,F43,MT,2020,1,b
ESTAT:HSW_N2_02(1.0),09/03/2023 23:00,A,NR,F43,NL,2011,5,
ESTAT:HSW_N2_02(1.0),09/03/2023 23:00,A,NR,F43,NL,2012,4,
ESTAT:HSW_N2_02(1.0),09/03/2023 23:00,A,NR,F43,NL,2013,3,
ESTAT:HSW_N2_02(1.0),09/03/2023 23:00,A,NR,F43,NL,2014,3,b
ESTAT:HSW_N2_02(1.0),09/03/2023 23:00,A,NR,F43,NL,2015,1,
ESTAT:HSW_N2_02(1.0),09/03/2023 23:00,A,NR,F43,NL,2016,2,
ESTAT:HSW_N2_02(1.0),09/03/2023 23:00,A,NR,F43,NL,2017,1,
ESTAT:HSW_N2_02(1.0),09/03/2023 23:00,A,NR,F43,NL,2018,4,
ESTAT:HSW_N2_02(1.0),09/03/2023 23:00,A,NR,F43,NL,2019,2,
ESTAT:HSW_N2_02(1.0),09/03/2023 23:00,A,NR,F43,NL,2020,1,b
ESTAT:HSW_N2_02(1.0),09/03/2023 23:00,A,NR,F43,NO,2011,8,
ESTAT:HSW_N2_02(1.0),09/03/2023 23:00,A,NR,F43,NO,2012,4,
ESTAT:HSW_N2_02(1.0),09/03/2023 23:00,A,NR,F43,NO,2013,6,
ESTAT:HSW_N2_02(1.0),09/03/2023 23:00,A,NR,F43,NO,2014,7,b
ESTAT:HSW_N2_02(1.0),09/03/2023 23:00,A,NR,F43,NO,2015,6,
ESTAT:HSW_N2_02(1.0),09/03/2023 23:00,A,NR,F43,NO,2016,3,
ESTAT:HSW_N2_02(1.0),09/03/2023 23:00,A,NR,F43,NO,2017,6,
ESTAT:HSW_N2_02(1.0),09/03/2023 23:00,A,NR,F43,NO,2018,2,
ESTAT:HSW_N2_02(1.0),09/03/2023 23:00,A,NR,F43,NO,2019,6,
ESTAT:HSW_N2_02(1.0),09/03/2023 23:00,A,NR,F43,NO,2020,4,b
ESTAT:HSW_N2_02(1.0),09/03/2023 23:00,A,NR,F43,PL,2011,38,
ESTAT:HSW_N2_02(1.0),09/03/2023 23:00,A,NR,F43,PL,2012,25,
ESTAT:HSW_N2_02(1.0),09/03/2023 23:00,A,NR,F43,PL,2013,27,
ESTAT:HSW_N2_02(1.0),09/03/2023 23:00,A,NR,F43,PL,2014,22,
ESTAT:HSW_N2_02(1.0),09/03/2023 23:00,A,NR,F43,PL,2015,26,
ESTAT:HSW_N2_02(1.0),09/03/2023 23:00,A,NR,F43,PL,2016,22,
ESTAT:HSW_N2_02(1.0),09/03/2023 23:00,A,NR,F43,PL,2017,19,
ESTAT:HSW_N2_02(1.0),09/03/2023 23:00,A,NR,F43,PL,2018,16,
ESTAT:HSW_N2_02(1.0),09/03/2023 23:00,A,NR,F43,PL,2019,13,
ESTAT:HSW_N2_02(1.0),09/03/2023 23:00,A,NR,F43,PL,2020,16,b
ESTAT:HSW_N2_02(1.0),09/03/2023 23:00,A,NR,F43,PT,2011,17,
ESTAT:HSW_N2_02(1.0),09/03/2023 23:00,A,NR,F43,PT,2012,15,
ESTAT:HSW_N2_02(1.0),09/03/2023 23:00,A,NR,F43,PT,2013,11,
ESTAT:HSW_N2_02(1.0),09/03/2023 23:00,A,NR,F43,PT,2014,10,
ESTAT:HSW_N2_02(1.0),09/03/2023 23:00,A,NR,F43,PT,2015,12,
ESTAT:HSW_N2_02(1.0),09/03/2023 23:00,A,NR,F43,PT,2016,11,
ESTAT:HSW_N2_02(1.0),09/03/2023 23:00,A,NR,F43,PT,2017,10,
ESTAT:HSW_N2_02(1.0),09/03/2023 23:00,A,NR,F43,PT,2018,6,
ESTAT:HSW_N2_02(1.0),09/03/2023 23:00,A,NR,F43,PT,2019,8,
ESTAT:HSW_N2_02(1.0),09/03/2023 23:00,A,NR,F43,PT,2020,10,b
ESTAT:HSW_N2_02(1.0),09/03/2023 23:00,A,NR,F43,RO,2011,14,
ESTAT:HSW_N2_02(1.0),09/03/2023 23:00,A,NR,F43,RO,2012,12,
ESTAT:HSW_N2_02(1.0),09/03/2023 23:00,A,NR,F43,RO,2013,13,
ESTAT:HSW_N2_02(1.0),09/03/2023 23:00,A,NR,F43,RO,2014,15,
ESTAT:HSW_N2_02(1.0),09/03/2023 23:00,A,NR,F43,RO,2015,11,
ESTAT:HSW_N2_02(1.0),09/03/2023 23:00,A,NR,F43,RO,2016,18,
ESTAT:HSW_N2_02(1.0),09/03/2023 23:00,A,NR,F43,RO,2017,16,
ESTAT:HSW_N2_02(1.0),09/03/2023 23:00,A,NR,F43,RO,2018,9,
ESTAT:HSW_N2_02(1.0),09/03/2023 23:00,A,NR,F43,RO,2019,14,
ESTAT:HSW_N2_02(1.0),09/03/2023 23:00,A,NR,F43,RO,2020,10,b
ESTAT:HSW_N2_02(1.0),09/03/2023 23:00,A,NR,F43,SE,2011,5,
ESTAT:HSW_N2_02(1.0),09/03/2023 23:00,A,NR,F43,SE,2012,4,
ESTAT:HSW_N2_02(1.0),09/03/2023 23:00,A,NR,F43,SE,2013,3,
ESTAT:HSW_N2_02(1.0),09/03/2023 23:00,A,NR,F43,SE,2014,7,
ESTAT:HSW_N2_02(1.0),09/03/2023 23:00,A,NR,F43,SE,2015,4,
ESTAT:HSW_N2_02(1.0),09/03/2023 23:00,A,NR,F43,SE,2016,6,
ESTAT:HSW_N2_02(1.0),09/03/2023 23:00,A,NR,F43,SE,2017,5,
ESTAT:HSW_N2_02(1.0),09/03/2023 23:00,A,NR,F43,SE,2018,7,
ESTAT:HSW_N2_02(1.0),09/03/2023 23:00,A,NR,F43,SE,2019,8,
ESTAT:HSW_N2_02(1.0),09/03/2023 23:00,A,NR,F43,SE,2020,7,b
ESTAT:HSW_N2_02(1.0),09/03/2023 23:00,A,NR,F43,SI,2011,2,
ESTAT:HSW_N2_02(1.0),09/03/2023 23:00,A,NR,F43,SI,2012,2,
ESTAT:HSW_N2_02(1.0),09/03/2023 23:00,A,NR,F43,SI,2013,3,
ESTAT:HSW_N2_02(1.0),09/03/2023 23:00,A,NR,F43,SI,2014,4,
ESTAT:HSW_N2_02(1.0),09/03/2023 23:00,A,NR,F43,SI,2015,5,
ESTAT:HSW_N2_02(1.0),09/03/2023 23:00,A,NR,F43,SI,2016,0,
ESTAT:HSW_N2_02(1.0),09/03/2023 23:00,A,NR,F43,SI,2017,2,
ESTAT:HSW_N2_02(1.0),09/03/2023 23:00,A,NR,F43,SI,2018,4,
ESTAT:HSW_N2_02(1.0),09/03/2023 23:00,A,NR,F43,SI,2019,3,
ESTAT:HSW_N2_02(1.0),09/03/2023 23:00,A,NR,F43,SI,2020,3,b
ESTAT:HSW_N2_02(1.0),09/03/2023 23:00,A,NR,F43,SK,2011,2,
ESTAT:HSW_N2_02(1.0),09/03/2023 23:00,A,NR,F43,SK,2012,5,
ESTAT:HSW_N2_02(1.0),09/03/2023 23:00,A,NR,F43,SK,2013,0,
ESTAT:HSW_N2_02(1.0),09/03/2023 23:00,A,NR,F43,SK,2014,3,
ESTAT:HSW_N2_02(1.0),09/03/2023 23:00,A,NR,F43,SK,2015,5,
ESTAT:HSW_N2_02(1.0),09/03/2023 23:00,A,NR,F43,SK,2016,4,
ESTAT:HSW_N2_02(1.0),09/03/2023 23:00,A,NR,F43,SK,2017,4,
ESTAT:HSW_N2_02(1.0),09/03/2023 23:00,A,NR,F43,SK,2018,7,
ESTAT:HSW_N2_02(1.0),09/03/2023 23:00,A,NR,F43,SK,2019,3,
ESTAT:HSW_N2_02(1.0),09/03/2023 23:00,A,NR,F43,SK,2020,1,b
ESTAT:HSW_N2_02(1.0),09/03/2023 23:00,A,NR,F43,UK,2011,30,
ESTAT:HSW_N2_02(1.0),09/03/2023 23:00,A,NR,F43,UK,2012,18,
ESTAT:HSW_N2_02(1.0),09/03/2023 23:00,A,NR,F43,UK,2013,32,
ESTAT:HSW_N2_02(1.0),09/03/2023 23:00,A,NR,F43,UK,2014,23,
ESTAT:HSW_N2_02(1.0),09/03/2023 23:00,A,NR,F43,UK,2015,24,
ESTAT:HSW_N2_02(1.0),09/03/2023 23:00,A,NR,F43,UK,2016,16,
ESTAT:HSW_N2_02(1.0),09/03/2023 23:00,A,NR,F43,UK,2017,28,
ESTAT:HSW_N2_02(1.0),09/03/2023 23:00,A,NR,F43,UK,2018,18,
